Treatment,Timepoint,infiltration_rate_mlpermin_avg,infiltration_rate_mlpermin_sd,conductivity_uSpercm_avg,conductivity_uSpercm_sd,pH_avg,pH_sd,doc_mgperL_avg,doc_mgperL_sd,tdn_mgperL_avg,tdn_mgperL_sd,CtoN_ratio_avg,CtoN_ratio_sd,Na_ppm_avg,Na_ppm_sd,K_ppm_avg,K_ppm_sd,Mg_ppm_avg,Mg_ppm_sd,Ca_ppm_avg,Ca_ppm_sd,Al_ppm_avg,Al_ppm_sd,Fe_ppm_avg,Fe_ppm_sd,Mn_ppm_avg,Mn_ppm_sd,S_ppm_avg,S_ppm_sd,pB_avg,pB_sd,pT_avg,pT_sd,pA_avg,pA_sd,pM_avg,pM_sd,pC_avg,pC_sd,pD_avg,pD_sd,pE_avg,pE_sd,pN_avg,pN_sd,rAT_avg,rAT_sd,rCA_avg,rCA_sd,rCM_avg,rCM_sd,rCT_avg,rCT_sd,FI_avg,FI_sd,FI_max_avg,FI_max_sd,HIX_avg,HIX_sd,HIX_ohno_avg,HIX_ohno_sd,fresh_avg,fresh_sd,RFE_avg,RFE_sd,BIX_avg,BIX_sd,SUVA254_avg,SUVA254_sd,SUVA280_avg,SUVA280_sd,SUVA350_avg,SUVA350_sd,SUVA370_avg,SUVA370_sd,SVA412_avg,SVA412_sd,SVA440_avg,SVA440_sd,SVA480_avg,SVA480_sd,SVA510_avg,SVA510_sd,SVA532_avg,SVA532_sd,SVA555_avg,SVA555_sd,S275_295_avg,S275_295_sd,S350_400_avg,S350_400_sd,SR_avg,SR_sd,a254_avg,a254_sd
FW,1,28.43,19.17,99.83,13.87,4.68,0.18,17.66,12.66,2.12,1.42,9.8,4.71,8.43,1.99,3.65,0.36,1.86,0.49,1.09,0.28,0.8,0.2,2,2.72,NA,NA,1.82,0.35,0.05,0.02,0.05,0.02,0.08,0.03,0.05,0.02,0.05,0.02,0.02,0.01,NA,NA,0.03,0.01,NA,NA,NA,NA,NA,NA,NA,NA,NA,NA,NA,NA,2.92,1.5,0.72,0.08,NA,NA,0.45,0.36,NA,NA,1.87,0.49,1.47,0.4,0.74,0.24,0.62,0.23,0.43,0.19,0.38,0.19,0.32,0.17,0.3,0.17,0.29,0.17,0.28,0.17,0.01,0,0.01,0,1.12,0.32,0.3,0.2
FW,2,12.84,8.97,48.04,12.28,5.39,0.52,14.14,12.6,0.97,0.64,16.09,8.82,4.05,0.56,2.62,0.48,1.06,0.41,0.73,0.26,0.64,0.3,0.48,1.21,NA,NA,1.17,0.46,0.04,0.01,0.04,0.01,0.14,0.02,0.08,0.01,0.08,0.01,0.03,0.01,NA,NA,0.04,0,3.44,1.18,0.56,0.06,1.02,0.01,1.86,0.48,1.67,0.09,456.4,3.44,5.83,2.38,0.84,0.06,0.62,0.07,0.89,0.49,0.62,0.07,2.17,0.37,1.66,0.31,0.8,0.22,0.66,0.22,0.49,0.22,0.46,0.23,0.39,0.21,0.37,0.21,0.36,0.21,0.36,0.21,0.01,0,0.01,0,1.31,0.44,0.3,0.27
FW,3,11.82,8.78,28.19,5.81,5.56,0.47,14.02,11.03,0.77,0.58,21.44,13.1,2.84,0.46,1.95,0.66,0.54,0.16,0.5,0.14,0.67,0.34,0.28,0.84,NA,NA,0.99,0.34,0.03,0.01,0.04,0.01,0.17,0.03,0.09,0.01,0.09,0.01,0.04,0.01,NA,NA,0.04,0,4.73,1.52,0.55,0.05,1.04,0.01,2.53,0.67,1.62,0.09,458.2,2.17,7.85,3,0.87,0.05,0.58,0.04,0.8,0.36,0.59,0.04,2.61,0.41,2,0.33,0.95,0.23,0.79,0.23,0.58,0.23,0.53,0.24,0.46,0.22,0.43,0.22,0.42,0.22,0.42,0.22,0.01,0,0.01,0,1.31,0.37,0.36,0.31
FW,4,8.21,6.64,20.82,3.66,5.61,0.47,14.29,9.62,0.71,0.35,21.04,9.31,2.41,0.42,1.62,0.62,0.35,0.1,0.35,0.11,0.69,0.33,0.35,0.65,NA,NA,0.89,0.28,0.03,0.01,0.04,0.01,0.19,0.04,0.09,0.01,0.1,0.01,0.04,0.01,NA,NA,0.04,0,5.47,1.64,0.54,0.04,1.06,0.01,2.9,0.73,1.6,0.08,459.4,3.97,9.5,3.19,0.9,0.04,0.57,0.03,0.78,0.3,0.58,0.03,2.86,0.42,2.18,0.34,1.01,0.23,0.82,0.22,0.59,0.22,0.53,0.23,0.44,0.2,0.42,0.2,0.41,0.2,0.4,0.2,0.01,0,0.01,0,1.23,0.3,0.4,0.29
FW,5,8.94,7.14,17.44,2.65,5.47,0.37,13.37,6.88,0.61,0.23,22.22,8.68,2.12,0.32,1.54,0.6,0.26,0.07,0.45,0.07,0.66,0.22,0.09,0.4,NA,NA,0.85,0.21,0.02,0.01,0.03,0,0.2,0.04,0.1,0.01,0.1,0.02,0.04,0.01,NA,NA,0.04,0.01,5.94,1.36,0.53,0.03,1.06,0.01,3.1,0.62,1.58,0.04,461.6,2.61,10.7,3.16,0.91,0.02,0.57,0.02,0.68,0.2,0.58,0.02,3.03,0.35,2.33,0.29,1.13,0.26,0.94,0.27,0.7,0.28,0.65,0.3,0.56,0.27,0.53,0.27,0.52,0.27,0.52,0.27,0.01,0,0.01,0,1.37,0.39,0.4,0.21
FW,6,7.77,6.17,16.14,2.62,5.46,0.42,16.06,8.6,0.65,0.27,24.97,9.1,2.03,0.23,1.56,0.93,0.24,0.08,0.34,0.09,0.74,0.33,0.14,0.46,NA,NA,0.8,0.17,0.03,0.01,0.04,0,0.22,0.03,0.11,0.01,0.11,0.01,0.05,0.01,NA,NA,0.05,0,5.99,1.28,0.51,0.03,1.07,0.01,3.05,0.56,1.59,0.04,460.2,2.05,10.17,2.81,0.91,0.03,0.56,0.02,1.27,0.6,0.57,0.03,2.61,0.23,1.91,0.15,0.69,0.06,0.5,0.04,0.24,0.02,0.16,0.02,0.11,0.02,0.08,0.02,0.07,0.02,0.06,0.02,0.01,0,0.02,0,0.82,0.07,0.43,0.25
FW,7,7.9,7.2,23.42,14.86,5.64,0.33,16.14,8.68,0.59,0.32,32.62,23.77,1.92,0.24,1.45,0.85,0.2,0.08,0.28,0.06,0.76,0.31,0.14,0.44,NA,NA,0.73,0.15,0.02,0.01,0.04,0,0.24,0.04,0.12,0.02,0.12,0.02,0.05,0.01,NA,NA,0.05,0.01,6.61,1.43,0.51,0.02,1.07,0.01,3.36,0.63,1.57,0.02,458.4,1.14,11.05,2.62,0.91,0.02,0.55,0.02,0.97,0.44,0.56,0.02,3.14,0.69,2.36,0.64,1.01,0.56,0.79,0.55,0.5,0.52,0.4,0.48,0.36,0.53,0.33,0.53,0.32,0.52,0.31,0.52,0.01,0,0.01,0,0.94,0.27,0.48,0.25
FW,8,6.8,5.24,14.38,2.64,5.61,0.32,15.41,7.78,0.62,0.25,25.27,8.48,1.88,0.23,1.3,0.7,0.18,0.08,0.27,0.06,0.74,0.28,0.15,0.43,NA,NA,0.68,0.14,0.02,0.01,0.04,0,0.25,0.04,0.12,0.02,0.13,0.02,0.05,0.01,NA,NA,0.05,0.01,6.75,1.25,0.51,0.02,1.07,0.01,3.44,0.56,1.51,0.11,461.2,1.1,11.36,2.17,0.92,0.02,0.54,0.03,0.98,0.41,0.55,0.03,3.11,0.31,2.32,0.23,0.95,0.15,0.74,0.15,0.45,0.15,0.36,0.15,0.28,0.14,0.26,0.14,0.24,0.14,0.23,0.14,0.01,0,0.01,0,0.98,0.16,0.48,0.25
FW,9,6.84,5.84,12.93,2.42,5.49,0.31,14.51,7.13,0.62,0.25,24.09,8.29,1.84,0.22,1.21,0.59,0.15,0.07,0.33,0.06,0.73,0.27,0.13,0.43,NA,NA,0.62,0.11,0.02,0,0.04,0,0.26,0.04,0.12,0.02,0.13,0.02,0.06,0.01,NA,NA,0.05,0,NA,NA,0.51,0.02,1.07,0.01,NA,NA,NA,NA,NA,NA,11.68,2.23,0.92,0.01,NA,NA,0.95,0.38,NA,NA,3.23,0.22,2.43,0.16,1.03,0.12,0.81,0.12,0.51,0.12,0.42,0.13,0.34,0.12,0.31,0.12,0.3,0.12,0.29,0.12,0.01,0,0.01,0,1.03,0.14,0.47,0.23
FW,10,7.82,9.09,14.43,4,5.53,0.24,14.89,8.17,0.65,0.29,23.28,7.92,1.8,0.31,1.15,0.52,0.15,0.1,0.22,0.07,0.74,0.33,0.15,0.5,NA,NA,0.63,0.06,0.02,0,0.04,0.01,0.25,0.05,0.12,0.02,0.13,0.02,0.05,0.01,NA,NA,0.05,0.01,NA,NA,0.51,0.01,1.07,0.02,NA,NA,NA,NA,NA,NA,11.53,1.58,0.92,0.01,0.54,0.02,0.79,0.37,0.56,0.01,3.35,0.49,2.57,0.4,1.2,0.29,0.99,0.28,0.7,0.25,0.6,0.23,0.54,0.25,0.51,0.25,0.49,0.25,0.49,0.25,0.01,0,0.01,0,1.16,0.21,0.51,0.33
FW,11,6.57,6.04,12.75,2.5,5.53,0.26,14.91,7,0.62,0.23,24.56,7.84,1.77,0.23,1.16,0.56,0.16,0.1,0.25,0.05,0.75,0.28,0.16,0.47,NA,NA,0.59,0.08,0.02,0,0.03,0,0.25,0.04,0.12,0.02,0.13,0.02,0.06,0.01,NA,NA,0.05,0.01,NA,NA,0.51,0.02,1.08,0.02,NA,NA,1.53,0.01,461.2,1.1,11.84,1.29,0.92,0.01,0.53,0.01,0.87,0.33,0.55,0.01,3.25,0.24,2.45,0.18,1.05,0.12,0.83,0.12,0.53,0.12,0.44,0.12,0.35,0.12,0.32,0.11,0.31,0.11,0.3,0.12,0.01,0,0.01,0,1.03,0.15,0.49,0.25
FW,12,6.04,4.9,12.16,2.51,5.65,0.27,14.01,6.83,0.62,0.23,22.78,6.82,1.8,0.2,1.2,0.54,0.16,0.11,0.23,0.05,0.74,0.28,0.12,0.37,NA,NA,0.58,0.06,0.02,0,0.04,0,0.26,0.04,0.12,0.02,0.13,0.02,0.06,0.01,NA,NA,0.05,0.01,NA,NA,0.51,0.01,1.07,0.02,NA,NA,NA,NA,NA,NA,12.02,1.43,0.92,0.01,0.53,0.01,0.85,0.33,0.54,0.01,3.33,0.21,2.53,0.14,1.13,0.11,0.9,0.12,0.6,0.12,0.51,0.12,0.43,0.12,0.4,0.12,0.38,0.13,0.37,0.13,0.01,0,0.01,0,1.08,0.17,0.46,0.22
SW,1,13.23,9.7,9786,484.45,3.88,0.1,32.25,25.82,5.41,4.1,7.16,3.44,1915.13,149.26,67.42,8.43,168.03,8.86,49.85,9.9,35.01,18.29,59.14,37.32,0,0.33,172.89,14.47,0.06,0,0.07,0.03,0.13,0.14,0.04,0.02,0.04,0.03,0.01,0.01,NA,NA,0.04,0.02,1.67,0.82,0.39,0.11,1,0.05,0.58,0.13,NA,NA,NA,NA,0.74,0.16,0.42,0.05,1.04,0.04,0.7,0.76,1.11,0.06,0.98,0.43,0.7,0.32,0.26,0.14,0.2,0.11,0.12,0.06,0.09,0.05,0.07,0.04,0.07,0.04,0.06,0.03,0.06,0.03,0.01,0,0.01,0,0.92,0.14,0.25,0.1
SW,2,8.96,8.44,5487.2,1112.35,3.85,0.08,23.64,10.33,5.03,3.57,5.95,2.74,1010.77,241.98,38.45,6.74,82.1,15.52,30.4,10.36,27.36,10.17,45.39,26.13,NA,NA,66.58,19.79,0.08,0.01,0.07,0.01,0.11,0.06,0.05,0.01,0.05,0.01,0.01,0,NA,NA,0.05,0.01,1.47,0.52,0.48,0.14,0.99,0.04,0.66,0.06,NA,NA,NA,NA,0.98,0.31,0.49,0.07,1.07,0.03,0.88,0.53,1.15,0.05,0.96,0.12,0.67,0.09,0.23,0.04,0.17,0.04,0.1,0.03,0.07,0.03,0.06,0.02,0.05,0.02,0.05,0.02,0.04,0.02,0.02,0,0.02,0,1.02,0.11,0.22,0.07
SW,3,6.53,5.18,2943.2,399.12,3.98,0.08,17.45,6.62,4.09,3.02,5.54,2.62,554.34,103.24,24,3.87,38.26,4.34,14.88,4.41,11.53,3.59,22.98,12.95,NA,NA,42.31,13.87,0.08,0.02,0.08,0.02,0.11,0.03,0.06,0.01,0.06,0.01,0.02,0,NA,NA,0.06,0.01,1.39,0.42,0.58,0.08,1.02,0.03,0.79,0.24,NA,NA,NA,NA,1.5,0.49,0.59,0.07,1.02,0.03,1.18,0.53,1.08,0.04,1.13,0.14,0.79,0.11,0.28,0.06,0.21,0.05,0.12,0.03,0.09,0.03,0.07,0.02,0.06,0.02,0.06,0.02,0.06,0.02,0.01,0,0.01,0,1.02,0.1,0.19,0.07
SW,4,8.48,7.3,1550,198.17,4.12,0.09,14.7,7.23,2.82,2.11,6.28,2.79,234.69,122.21,13.93,3.41,16.55,2.3,6.28,0.9,4.62,1.6,9.05,5.62,NA,NA,29.26,8.89,0.07,0.02,0.07,0.02,0.12,0.02,0.07,0.01,0.07,0.01,0.02,0.01,NA,NA,0.05,0.01,1.84,0.48,0.58,0.02,1.04,0.03,1.08,0.32,NA,NA,NA,NA,2.4,0.61,0.7,0.05,0.96,0.04,1.55,0.94,1,0.06,1.37,0.27,0.98,0.21,0.36,0.1,0.28,0.09,0.17,0.06,0.13,0.05,0.11,0.04,0.09,0.04,0.09,0.04,0.09,0.04,0.01,0,0.01,0,1.05,0.1,0.2,0.1
SW,5,6.4,6.7,1039.44,145.09,4.22,0.14,15.29,8.22,2.43,1.38,7.17,3.52,189.17,22.81,9.84,1.93,9.48,3.34,3.77,1.57,2.64,1.04,4.07,2.55,NA,NA,21.84,2.88,0.08,0.02,0.07,0.02,0.13,0.02,0.07,0.01,0.07,0.01,0.03,0,NA,NA,0.05,0.01,1.96,0.81,0.57,0.04,1.06,0.03,1.11,0.46,NA,NA,NA,NA,3.33,1.29,0.75,0.07,0.89,0.09,1.34,0.74,0.92,0.11,1.66,0.4,1.2,0.31,0.45,0.15,0.35,0.12,0.21,0.08,0.17,0.06,0.13,0.05,0.12,0.05,0.11,0.05,0.11,0.05,0.01,0,0.01,0,1.06,0.09,0.27,0.22
SW,6,5.71,4.05,522.62,135.48,4.51,0.23,21.78,16.89,1.78,1.1,12.52,6.71,98,27.89,5.63,2.44,3.38,1.14,1.41,0.36,1.25,0.38,1.48,0.96,NA,NA,15.66,5.32,0.04,0.01,0.04,0.01,0.15,0.05,0.07,0.02,0.08,0.02,0.03,0.01,NA,NA,0.04,0.01,NA,NA,NA,NA,NA,NA,NA,NA,NA,NA,NA,NA,6.42,2.32,0.85,0.05,NA,NA,0.61,0.34,NA,NA,2.36,0.59,1.79,0.44,0.77,0.21,0.62,0.18,0.41,0.15,0.36,0.15,0.3,0.13,0.28,0.13,0.26,0.13,0.26,0.13,0.01,0,0.01,0,1.18,0.25,0.57,0.59
SW,7,4.82,3.2,302.98,62.91,4.8,0.33,29.42,22.27,1.49,0.7,18.55,7.6,57.96,10.24,3.39,1.04,1.49,0.71,0.74,0.25,1.16,0.65,0.73,0.44,NA,NA,11.52,5.06,0.04,0.01,0.04,0,0.18,0.05,0.09,0.02,0.1,0.02,0.04,0.01,NA,NA,0.04,0.01,4.94,1.61,0.52,0.01,1.07,0.03,2.54,0.78,1.56,0.06,458.8,2.28,8.84,2.24,0.89,0.02,0.58,0.05,0.44,0.25,0.6,0.05,2.92,0.53,2.22,0.41,0.95,0.21,0.75,0.18,0.49,0.15,0.42,0.15,0.34,0.13,0.31,0.13,0.3,0.13,0.29,0.13,0.01,0,0.01,0,1.1,0.16,0.91,0.85
SW,8,3.86,1.92,174.52,41.04,5.11,0.41,35.19,21.68,1.42,0.65,23.66,6.4,34.46,6.07,2.06,0.49,0.65,0.45,0.4,0.18,1.29,0.64,0.76,0.45,NA,NA,8.02,3.75,0.02,0,0.03,0,0.21,0.05,0.1,0.02,0.1,0.02,0.05,0.01,NA,NA,0.04,0.01,NA,NA,0.51,0.01,1.07,0.02,NA,NA,1.5,0.04,460.4,0.89,12.1,1.93,0.92,0.01,0.54,0.04,0.31,0.15,0.55,0.03,3.3,0.46,2.53,0.35,1.11,0.19,0.89,0.17,0.59,0.16,0.51,0.18,0.42,0.16,0.39,0.17,0.37,0.17,0.36,0.17,0.01,0,0.01,0,1.13,0.21,1.2,0.87
SW,9,4.57,3.54,118.98,24.86,5.34,0.33,40.62,22.19,3.33,4.11,22.08,11.96,23.87,3.83,1.39,0.22,0.3,0.2,0.35,0.09,1.4,0.82,0.84,0.76,NA,NA,6.01,2.99,0.02,0,0.03,0.01,0.23,0.06,0.11,0.02,0.11,0.03,0.05,0.01,NA,NA,0.04,0.01,NA,NA,0.5,0.01,1.08,0.02,NA,NA,1.48,0.03,463.8,3.35,13.74,1.71,0.93,0.01,0.51,0.03,0.26,0.12,0.52,0.03,3.53,0.54,2.71,0.42,1.2,0.19,0.96,0.16,0.64,0.12,0.55,0.12,0.45,0.11,0.41,0.11,0.4,0.11,0.39,0.11,0.01,0,0.01,0,1.11,0.14,1.5,1
SW,10,3.06,2.4,94.35,23.16,5.48,0.24,52.47,25.28,1.69,0.66,30.22,4.07,21.04,4.6,1.26,0.12,0.21,0.12,0.21,0.06,1.78,0.9,1.26,0.87,NA,NA,4.65,2.56,0.02,0.01,0.03,0.01,0.23,0.04,0.11,0.01,0.11,0.02,0.05,0.01,NA,NA,0.04,0,NA,NA,0.5,0.01,1.08,0.02,NA,NA,1.45,0.04,440.6,47.31,13.09,2.39,0.93,0.01,0.5,0.03,0.18,0.08,0.52,0.02,3.69,0.49,2.86,0.43,1.28,0.26,1.03,0.23,0.7,0.18,0.61,0.16,0.5,0.14,0.46,0.13,0.44,0.13,0.43,0.12,0.01,0,0.01,0,1.1,0.07,1.98,1.1
SW,11,2.41,1.77,62.52,5.92,5.66,0.24,52.79,18.23,1.58,0.45,32.97,2.59,14.51,1.23,0.89,0.17,0.08,0.03,0.18,0.03,1.75,0.54,1.01,0.62,NA,NA,2.94,1.7,0.02,0,0.03,0,0.26,0.05,0.12,0.02,0.13,0.02,0.06,0.01,NA,NA,0.05,0.01,NA,NA,0.5,0.01,1.08,0.01,NA,NA,1.44,0.04,464.2,2.86,15.79,1.16,0.94,0,0.49,0.02,0.17,0.06,0.5,0.02,3.99,0.5,3.07,0.41,1.36,0.24,1.09,0.21,0.73,0.16,0.63,0.14,0.52,0.12,0.47,0.12,0.45,0.11,0.44,0.11,0.01,0,0.01,0,1.07,0.06,2.15,0.94
SW,12,2.46,1.95,52.12,4.56,5.79,0.2,51.5,14.47,1.5,0.37,34.08,1.59,12.11,1.5,0.58,0.16,0.06,0.02,0.17,0.04,1.79,0.48,1.24,0.58,NA,NA,2.16,1.03,0.02,0.01,0.03,0,0.26,0.04,0.12,0.02,0.13,0.02,0.06,0.01,NA,NA,0.05,0.01,NA,NA,0.5,0.01,1.08,0.02,NA,NA,1.43,0.02,464.4,2.88,15.6,1.98,0.94,0.01,0.48,0.02,0.17,0.04,0.49,0.02,4.02,0.45,3.11,0.38,1.39,0.24,1.11,0.21,0.75,0.17,0.64,0.15,0.52,0.13,0.48,0.12,0.46,0.12,0.44,0.12,0.01,0,0.01,0,1.07,0.05,2.1,0.76
Control,1,39.66,7.18,12.81,6.38,6.3,0.33,6.42,2.16,0.44,0.07,14.4,4.1,NA,NA,NA,NA,NA,NA,NA,NA,NA,NA,NA,NA,NA,NA,NA,NA,0.04,0.01,0.03,0,0.16,0.04,0.1,0.06,0.12,0.08,0.03,0.01,NA,NA,0.03,0,5.64,0.96,0.71,0.32,1.14,0.12,4.14,2.52,1.69,0.22,454,9.35,7.4,1.51,0.88,0.02,0.5,0.12,1.31,0.24,0.5,0.12,2.78,0.58,2.17,0.47,0.98,0.26,0.79,0.23,0.5,0.19,0.43,0.2,0.35,0.19,0.32,0.19,0.31,0.19,0.3,0.19,0.01,0,0.01,0,1.07,0.28,0.18,0.08
Control,2,19.38,3.96,12.48,3.84,6.23,0.21,9.39,3.25,0.46,0.06,20.72,7.64,NA,NA,NA,NA,NA,NA,NA,NA,NA,NA,NA,NA,NA,NA,NA,NA,0.02,0.01,0.03,0,0.17,0.02,0.1,0.03,0.12,0.05,0.04,0,NA,NA,0.03,0,6.96,1.14,0.68,0.25,1.14,0.11,4.91,2.67,1.66,0.15,454.2,8.67,10.65,2.17,0.91,0.02,0.5,0.11,1.18,0.4,0.51,0.11,2.82,0.3,2.15,0.26,0.91,0.16,0.71,0.14,0.43,0.12,0.36,0.13,0.29,0.12,0.26,0.12,0.25,0.12,0.24,0.12,0.01,0,0.01,0,1,0.2,0.27,0.11
Control,3,18.29,5.26,11.43,3.22,6.22,0.31,9.66,3.7,0.45,0.04,21.21,7.96,NA,NA,NA,NA,NA,NA,NA,NA,NA,NA,NA,NA,NA,NA,NA,NA,0.02,0.01,0.02,0,0.18,0.02,0.1,0.04,0.12,0.06,0.04,0,NA,NA,0.03,0,7.28,1.23,0.66,0.25,1.13,0.12,5.01,2.82,1.64,0.14,456.2,8.61,11.34,2.58,0.92,0.02,0.5,0.11,1.13,0.37,0.51,0.11,2.87,0.36,2.2,0.31,0.93,0.17,0.73,0.14,0.45,0.12,0.38,0.13,0.3,0.12,0.27,0.12,0.26,0.12,0.25,0.12,0.01,0,0.01,0,1.01,0.21,0.29,0.14
Control,4,18.93,6.09,9.71,1.8,6.1,0.31,9.48,3.56,0.46,0.03,20.59,7.34,NA,NA,NA,NA,NA,NA,NA,NA,NA,NA,NA,NA,NA,NA,NA,NA,0.02,0,0.02,0,0.18,0.02,0.1,0.03,0.12,0.05,0.04,0,NA,NA,0.03,0,7.52,1.25,0.64,0.23,1.12,0.11,4.97,2.73,1.62,0.11,457,6.78,11.14,1.56,0.92,0.01,0.5,0.1,1.12,0.42,0.51,0.1,2.97,0.35,2.29,0.33,0.99,0.23,0.78,0.2,0.49,0.17,0.42,0.17,0.34,0.16,0.31,0.15,0.3,0.15,0.29,0.15,0.01,0,0.01,0,1.02,0.17,0.29,0.14
Control,5,19.32,3.54,9.36,1.8,6.16,0.4,9.42,3.82,0.47,0.04,19.81,6.98,NA,NA,NA,NA,NA,NA,NA,NA,NA,NA,NA,NA,NA,NA,NA,NA,0.02,0,0.02,0,0.16,0.01,0.08,0.01,0.09,0.02,0.04,0,NA,NA,0.03,0,7.15,1.14,0.58,0.1,1.11,0.07,4.25,1.49,1.56,0.04,458,5.83,11.12,1.82,0.92,0.01,0.52,0.07,1,0.41,0.54,0.07,2.9,0.45,2.26,0.37,0.98,0.22,0.78,0.19,0.51,0.16,0.44,0.17,0.36,0.16,0.33,0.15,0.32,0.15,0.31,0.16,0.01,0,0.01,0,1.07,0.25,0.29,0.16
Control,6,22.74,5.5,8.94,1.36,6.11,0.3,9.44,3.88,0.48,0.08,19.13,5.99,NA,NA,NA,NA,NA,NA,NA,NA,NA,NA,NA,NA,NA,NA,NA,NA,0.02,0,0.02,0,0.17,0.01,0.09,0.01,0.1,0.01,0.04,0,NA,NA,0.03,0,7.31,0.87,0.59,0.12,1.11,0.07,4.36,1.42,1.57,0.05,458.8,1.64,11.38,1.58,0.92,0.01,0.52,0.07,1.02,0.46,0.53,0.08,3.02,0.3,2.34,0.29,1.05,0.22,0.84,0.21,0.55,0.2,0.48,0.21,0.4,0.2,0.36,0.2,0.35,0.2,0.34,0.2,0.01,0,0.01,0,1.06,0.24,0.29,0.14
Control,7,16.94,4.8,9.14,1.41,6.05,0.2,9.22,3.53,0.52,0.05,17.27,5.34,NA,NA,NA,NA,NA,NA,NA,NA,NA,NA,NA,NA,NA,NA,NA,NA,0.02,0,0.02,0,0.17,0.02,0.09,0.01,0.1,0.01,0.04,0,NA,NA,0.03,0,7.29,0.71,0.57,0.09,1.1,0.07,4.16,0.93,1.55,0.03,460,3.08,11.75,1.39,0.92,0.01,0.52,0.06,1,0.43,0.53,0.06,3.1,0.45,2.41,0.38,1.09,0.23,0.87,0.21,0.57,0.19,0.5,0.2,0.41,0.19,0.37,0.19,0.36,0.19,0.35,0.19,0.01,0,0.01,0,1.06,0.23,0.3,0.15
Control,8,629.51,1362.19,8.18,1.5,6.25,0.16,9.12,3.75,0.51,0.08,17.36,5.98,NA,NA,NA,NA,NA,NA,NA,NA,NA,NA,NA,NA,NA,NA,NA,NA,0.02,0,0.02,0,0.17,0.01,0.09,0,0.1,0.01,0.04,0,NA,NA,0.03,0,7.58,0.95,0.57,0.08,1.1,0.05,4.34,1.05,1.53,0.03,461.2,1.79,12.28,1.51,0.92,0.01,0.51,0.06,1,0.45,0.52,0.07,3.07,0.22,2.39,0.21,1.1,0.19,0.89,0.19,0.59,0.2,0.52,0.22,0.43,0.21,0.4,0.21,0.38,0.21,0.37,0.21,0.01,0,0.01,0,1.07,0.27,0.29,0.13
Control,9,20.09,8.54,7.62,0.72,6.21,0.17,8.22,2.71,0.51,0.05,16.14,4.8,NA,NA,NA,NA,NA,NA,NA,NA,NA,NA,NA,NA,NA,NA,NA,NA,0.02,0,0.02,0,0.17,0.01,0.09,0,0.1,0,0.04,0,NA,NA,0.03,0,7.64,0.88,0.55,0.04,1.1,0.05,4.22,0.79,1.53,0.03,460.8,1.79,12.39,1.43,0.92,0.01,0.52,0.05,1.05,0.38,0.53,0.05,3.22,0.42,2.5,0.38,1.13,0.24,0.91,0.22,0.6,0.19,0.53,0.2,0.44,0.18,0.4,0.18,0.39,0.18,0.38,0.18,0.01,0,0.01,0,1.06,0.19,0.27,0.13
Control,10,23.19,13.9,7.89,0.89,6.19,0.27,8.3,3.05,0.48,0.12,18.27,8.35,NA,NA,NA,NA,NA,NA,NA,NA,NA,NA,NA,NA,NA,NA,NA,NA,0.02,0,0.02,0,0.17,0.01,0.08,0,0.09,0,0.04,0,NA,NA,0.03,0,7.42,0.68,0.55,0.04,1.1,0.05,4.1,0.52,1.54,0.04,460.6,2.19,12.63,1.84,0.93,0.01,0.53,0.05,1.05,0.4,0.54,0.05,3.1,0.51,2.41,0.43,1.1,0.26,0.89,0.24,0.59,0.2,0.53,0.21,0.44,0.2,0.41,0.19,0.4,0.19,0.39,0.2,0.01,0,0.01,0,1.1,0.26,0.27,0.13
Control,11,21.7,14.63,8.5,0.98,6.14,0.39,8.85,3.16,0.41,0.06,21.52,7.24,NA,NA,NA,NA,NA,NA,NA,NA,NA,NA,NA,NA,NA,NA,NA,NA,0.02,0.01,0.02,0,0.18,0.02,0.09,0.01,0.1,0,0.04,0,NA,NA,0.03,0,7.66,0.57,0.54,0.04,1.1,0.05,4.16,0.57,1.53,0.03,460.8,1.79,12.46,1.35,0.93,0.01,0.53,0.05,1.02,0.47,0.54,0.05,3.27,0.39,2.54,0.35,1.14,0.23,0.91,0.21,0.6,0.18,0.52,0.19,0.43,0.18,0.4,0.18,0.38,0.18,0.37,0.18,0.01,0,0.01,0,1.06,0.21,0.3,0.13
Control,12,25.64,13.31,7.88,1.09,6.07,0.16,8.44,3.08,0.4,0.07,20.65,5.59,NA,NA,NA,NA,NA,NA,NA,NA,NA,NA,NA,NA,NA,NA,NA,NA,0.02,0,0.02,0,0.17,0.02,0.08,0.01,0.09,0.01,0.04,0,NA,NA,0.03,0,7.79,0.36,0.54,0.02,1.1,0.04,4.2,0.26,1.52,0.04,462,0,12.77,1.22,0.93,0.01,0.53,0.04,1,0.44,0.54,0.04,3.21,0.43,2.5,0.39,1.14,0.24,0.92,0.22,0.61,0.18,0.54,0.19,0.45,0.17,0.41,0.17,0.4,0.17,0.39,0.17,0.01,0,0.01,0,1.08,0.21,0.28,0.14
Control,0,NA,NA,NA,NA,NA,NA,NA,NA,NA,NA,NA,NA,NA,NA,NA,NA,NA,NA,NA,NA,NA,NA,NA,NA,NA,NA,NA,NA,0.13,0.01,0.05,0,0.22,0.02,0.1,0.03,0.11,0.05,0.04,0,NA,NA,0.05,0,3.97,0.57,0.54,0.29,1.1,0.11,2.05,0.79,1.64,0.21,457,9,4.05,0.28,0.8,0.01,0.53,0.09,0.3,0.05,0.54,0.09,5.11,0.66,4.05,0.53,1.86,0.24,1.49,0.2,0.76,0.1,0.52,0.07,0.38,0.05,0.3,0.04,0.25,0.04,0.22,0.03,0.01,0,0.01,0,0.8,0.01,0.77,0.06
