,248,251,254,257,260,263,266,269,272,275,278,281,284,287,290,293,296,299,302,305,308,311,314,317,320,323,326,329,332,335,338,341,344,347,350,353,356,359,362,365,368,371,374,377,380,383,386,389,392,395,398,401,404,407,410,413,416,419,422,425,428,431,434,437,440,443,446,449
247.622,NA,NA,NA,NA,0,0,0,0,0,0,0,0,0,0,0,0,0,0,0,0,0,0,0,0,0,0,0,0,0,0,0,0,0,0,0,0,9.66966528809509e-05,0,0,0,0,0,0,0,0,0,0,0,0,0,0,0,0,0,0,0,0,0,0,0.00155254161849935,0,0,0,0,0,0,0,0
249.863,NA,NA,NA,NA,0,0,0,0,0,0,0,0,0,0,0,0,0,0,0,0,0,0,0,0,0,0.000220291704266695,0,0,0,0,0.00029644986818966,0,0.0004511599854544,0.0013486631612435,0,0.000618689601687339,0.000346689741447379,0.00099326304173855,0,0.000471931780408023,0.00150040721557057,0.000647282066305641,0.000313627795985606,0,0,0,0,0,0,0.000134673367307455,0,0,0,0,0.0014642461191472,0,0,0,0,0,0,0,0,0,0.000261363553807089,0.000302338613628619,0,0
252.105,NA,NA,NA,NA,NA,0,0,0,0,0,0,0,0,0,0,0,0,0.000263427341307734,0.00305807239048052,0,0.000276548474944689,0.00250134429135052,0,0.00300510791060506,0,0.00137710420900329,0.00214170524252114,0.00222835531030136,1.01804679783764e-05,0.00166349417777327,0,0.000644502682561262,0.00118380292842146,0,0.000984659200979365,0,0,0.0021957858936666,0,0,0.00161667353156787,0,0,0,0.0007887915463095,0,0,0,0.000505023951021431,0,0,0,0.00281447363112879,0,0,0,0,9.90465487083814e-05,0.00057200774446448,0.000793954598653256,0,0,0,0,0.00016436786805256,0,0.00159517563565363,0.00151093845360383
254.347,NA,NA,NA,NA,NA,NA,0,0,0,0,0,0,0,0,0,0,0,0,0,0,0,0.00187356093122208,0,0,0,0.00278659241458098,0.00279419547193134,0.00188281992040386,0.00211284317252268,0.00122532111868069,0.000859393469210411,0.000187078499332031,0.00137645244440576,0.000297462904187896,0.000408399714034779,0.0014335617432297,0,0.000836170182551717,0.00184109955711462,0.00194566425541304,0,0,0,0,0.000100250126411278,0.000327608997996618,0.00136471253388234,9.67597191927706e-05,0.00041596158394288,0.00348766947567778,0.000396028439534512,0,0.00266036775973075,0,0,0.000288784987703942,0.00227564601772931,0.000287106236964416,0,0,0,0.000331435793780411,0.000114372490858655,0.000955507341475679,0.00040632259977663,0.000638058816267483,0.00175907395549486,0.000449450961361503
256.591,NA,NA,NA,NA,NA,NA,NA,0,0,0,0,0,0,0,0,0,0,0,0,0,0,0,0,0,0,0,0,0,0,0,0,0,0,0,0,0,0,0,0,0,0,0,0,0,0,0,0,0,0,0,0,0,0,0,0,0,0,0,0,0,0,0,0,0,0,0,0,0
258.836,NA,NA,NA,NA,NA,NA,NA,0,0,0,0,0,0,0,0,0,0.000192861427369764,0.00103067340607246,0.000325621486654037,0,0.00332887390768622,0.00342689521090188,0.00189682426078267,0,8.42641168468017e-05,0.000324084298105791,0.00308521137030571,0.00133739538956822,0,0,0,0,0.000666260597145799,0.00134565557590847,0,0,0,0,0.0016886389045134,0,0.000999285263505764,0,0,0.00246087234942362,0.000372216794728981,0,0,0.00263760097133306,0.000534418689492902,0.00245174412142121,0.000485563791703961,0,0.000795265291302936,0,0.0028795329352576,0,0.000459404272584668,0.000648662998373253,2.53564404664201e-05,0.002642619204677,0,0.00124915915481787,0,0,0.000774572348839153,0.00112671802064478,8.83046191406982e-05,0.000163749615753681
261.082,NA,NA,NA,NA,NA,NA,NA,NA,0,0,0,0,0,0,0,0,0,0,0,0,0,0,0,0,0,0,0,0,0,0,0,0,0,0,0,0,0,0,0,0,0,0,0,0,0,0,0,0,0,0,0,0,0,0,0,0,0,0,0,0,0,0,0.000585458332866476,0,0.000215393779690048,0,0,0
263.328,NA,NA,NA,NA,NA,NA,NA,NA,NA,0,0,0,0,0,0,0,0,0,0,0,0,0,0,0,0,0,0,0,0,0,0,0,0,0,0,0,0,0,0,0,0,0,0,0,0,0,0,0,0,0,0,0,0,0,0.000119633032823704,0,0,0,0,0,0,0,0,0,0,0,0,0
265.576,NA,NA,NA,NA,NA,NA,NA,NA,NA,NA,0,0,0,0,0,0,0,0,0,0,0.000764584819424731,0,0.0010476986896716,0.00125559675384272,0,0.00135875157715609,0,0,0.000136350525425698,0.000595582781112832,0,0,0,2.47323490361664e-05,0,0,0.00140547180044765,0.000553332434609601,0,0,0.000136276284683901,0,0,0,0.00113851621251947,0,0.00148817277904977,0,0,0,0,0,0,0,0,0.00133565712175395,0.000312018519662854,0.000639764507463818,0,0.000263568334722207,0.000833307376970148,0.00206863280784338,0,0,0.00221632170365717,0,0,0.000142803222095198
267.824,NA,NA,NA,NA,NA,NA,NA,NA,NA,NA,0,0,0,0,0,0,0,0,0,0,0.00196400619110353,0.00244044606240576,0,0,0.00214317377138927,0.00194885218810319,0,0.00237605524725904,0.00231152941408903,0.000802907721814346,0.00212419354016254,0.00397660535385386,0.000763978652305097,0.000988399964255442,9.7289430126805e-05,0.00228688566480095,0.0019869116447768,0.00196318794073918,0.00258172375138437,0.00353084550460454,0.00242605250175022,0,0.00218521218094675,0.0039993740955107,0.00215857721126826,0.00253257313844658,0.00229899847198918,0.00189875257531702,0.00443596014647947,0.00225491888753843,0.00388203545423786,0.00127350438408941,0.00256056685489754,0.000698248529848953,0.00260478799256049,0.00191703301744063,0.00126089532580152,0.00181260741409658,0.00134281888847902,0.00124622316774993,0.00197860970155345,0.000341214027333109,0,0.00130103322777187,0.0023339204085544,0.000576523759322107,0.000611402444550688,0
270.074,0.000651673282894902,NA,NA,NA,NA,NA,NA,NA,NA,NA,NA,0,0,0,0,0,0,0,0,0,0,0,0,0,0,0.0013435180539312,0,0,0,0,0,0,0,0,0,0,0,0,0,0,0,0,0,0,0,0,0,0,0,0,0,0,0,0.000549789463006204,0,0,0,0,0,0,0,0,0,0.000527585637071799,0,0,0,0
272.324,0.000895235993554162,0.000833308298449848,NA,NA,NA,NA,NA,NA,NA,NA,NA,NA,0,0,0,0,0,0,0,0,0,0,0,0,0,0,0.000213561037662602,0,0,0.00086345137069028,0,0,0.00149712203872501,0,0.000716688842654563,0.000510977147073691,0.000222847917260155,0.00167223743991712,0.000870633710056481,0,0.00155238584195357,0,0.00159958885446501,0.00124276882410237,0,0,0.000824960927725183,0.00254942300858879,0,0,0.00155311405345972,0,0,0.000422706741972337,0.00190757649796315,0.00114012608213701,0,0,0.000929247894938296,0,0,0,0.00144251999528018,0.00220373209419472,0,0,0,0.000120869260159355
274.575,0.00103863503064383,0.00119201555823092,0.000800447151534048,NA,NA,NA,NA,NA,NA,NA,NA,NA,NA,0,0,0,0,0,0,0,0,0,0,0,0,0,0,0,0,0,0,0,0,0,0,0,0,0,0,0,0,0,0,0,0,0,0,0,0,0,0,0,0,0,0,0,0,0,0,0,0,0,0,0,0,0,0,0
276.827,0.00122754854095102,0.00145702086750117,0.00108273011574912,NA,NA,NA,NA,NA,NA,NA,NA,NA,NA,0,0,0,0,0,0,0,0,0,0,0,0,0,0,0,0,0,0,0,0,0,0,0.00114334118273301,0,0,0,0,0.000344183303162171,0,0,0,0,0,0.000246672262668997,0,0,0,0,0,0,0,0,0.000773780038759145,0,0,0,0,0,0.000396289463672496,0,0.00123766176628009,0,0,0,0
279.08,0.00166499657321133,0.00155654217847156,0.00119688255765403,0.000721840398918149,NA,NA,NA,NA,NA,NA,NA,NA,NA,NA,0,0,0,0,0,0,0,0,0,0,0,0,0,0,0,0.00037975301013987,0.000912831860274849,0,0,0,0,0.000831350429162723,3.74110800983715e-05,0.000546815929666628,0.00157269456252776,0,0.00161601977493352,0.000108014402917654,0.00216005901096419,0,0,0,0,0,0,0,0.000384766657727916,0,0,0,0.00146997062098804,0,0.000564687564364941,0.000900558941544729,0,0,0,0,0,0.00107138679445052,0.00264504580197585,0,0,0
281.334,0.00240149342628574,0.00175711548621178,0.00125996048448399,0.000822676354356359,0.00039108118912748,NA,NA,NA,NA,NA,NA,NA,NA,NA,NA,0,0,0,0,0,0,0,0,0,0.00371516228877627,0,0.000531983030195474,0.000191227814597093,0,0.000538176159469767,5.85882041312992e-06,0,0,0,0,0,1.01350189260361e-05,0,0,0,0,0,0,0,0,0.00071647065629757,0,0,0,0,0.00203855948407792,0.00263698057500099,0,0,0,0.000248309758838164,0.00232548652429485,0,0.000342020034358625,0.00142117495252462,0,0.00156511859885368,0,0.000334002334774256,0,0,0.000835688670274025,0.000655376727483527
283.589,0,0.00231718082916469,0.00141554334655995,0.000808682967170789,0.00039221273057799,0.000139799091251907,NA,NA,NA,NA,NA,NA,NA,NA,NA,NA,0,0,0,0,0,0,0,0,0,0.000416976052182674,0,0,0,0,0.000376475318491844,0,0.00122309654994601,0,0.00173333852809271,0.00180484164701648,0.00106034832116889,0.000923558304156862,0,0.00173464881585611,0.00208594192042083,0.00120238427523723,0.000448364726357762,0.0013671299035689,0.0006058022606418,0,0.00100688211916356,0.00152198676832438,0.0015668838618751,0,0.00170775119837023,0.00106172047161469,0.00163706037195166,0.00350765100470554,0.0011529830508843,0.00150699434392282,0.00062200116618458,0.00103780614228908,0.000251969460564963,0,0,0,0.0020668950368975,0.000364251214770392,0.00143816578918272,0.00163919079477953,0.00192624424142685,0.00218916021791153
285.845,0.0105029408968214,0.0027033625668543,0.00144422995768606,0.000650394779103459,0.00029001056393339,0.000121072796278635,NA,NA,NA,NA,NA,NA,NA,NA,NA,NA,0,0,0,0,0,0,0,0,0,0,0,3.29449796774955e-05,0,0.00047219570765915,2.49431135086844e-05,0,0,0,0.000771242663536949,0,0,0,0.000286938325556102,0,4.27352127631e-05,0,0,0,0,0,0,0,0,0.000300613659974879,0,0,0.000358711942994422,0.00129782537598643,0.000139754298901839,0,3.22397061952494e-05,0,0.00142180410786907,0,0,0,0,0.000823539724636926,0,5.31418742009256e-05,0,0
288.102,0,0.00239249330116321,0.00106860973893772,0.000341489728534368,0.000120072023110095,6.23730685808399e-05,1.5499539013421e-05,NA,NA,NA,NA,NA,NA,NA,NA,NA,NA,0,0,0,0,0,0,0,0,0,0,0,0,0,0,0,0,0,0,0,0,0,0,0,0,0.000106244344454037,0,0.000908141954369836,0,0,0,0,0.000771859908196385,0,0.00114078092981916,0.00108306134994764,0,0,0,0,0.00233284492074552,0,0,0.000187143231784152,4.1996377403232e-05,0,0,0,0,0,0.00171022969562501,0
290.36,0.00468764714618573,0,0,2.56063668028742e-05,0,0,0,0,NA,NA,NA,NA,NA,NA,NA,NA,NA,NA,0,0,0,0,0,0,0,0,0,0,0,0,0.000319725433271727,0.00106925051705627,0.000143482068825206,0.00115251119109851,8.70346103931433e-05,0.00133461801352221,0.00161714939997365,0.00149869509336054,0.00126887257868978,0,0.000559581860293269,0,0,0,0,0,0.00089178170673834,0,0,0,0,0.00065653920825382,0,0.00137913556264453,0.000818663152183913,0.000836327170017337,0,0.00107173660438058,0.001217127179634,0.000122339232428554,0,0.00113426120818208,0,0,0.000847401695399133,0.00143219142334051,0.000473842176918599,0
292.618,0,0.00327747184830456,0,0,0,0,0,0,0,NA,NA,NA,NA,NA,NA,NA,NA,NA,NA,0,0,0,0,0,0,0,0,0,0,0,0,0.000279629917884969,0.000431454956779067,0,0,0.000264979609527764,0,0,0,0,0,0,0.00223954639440957,0.000661009405362001,0.000132804647107395,0,0,0,0.000948071315608404,0,0.00176795579881607,0,0.00101995666436787,0.000127969483124414,0,0,0,0.00127884631295502,0.00052900501641458,0,0,0,0,9.07652517511166e-05,0.000740776581746884,0,0,0
294.878,0,0,0,0,0,0,0,0,0,NA,NA,NA,NA,NA,NA,NA,NA,NA,NA,0,0,0,0,0,0,0,0,0,0,0,0,0,0,0.00284546555254171,0,0,0,0,0,0.000439265339691611,0,0,0,0,0,6.81603787940769e-05,0,0,0.00118011780800316,0,0,0,0,0.000162239638771245,0,0,0,0.000368740532102163,0,0.000957253389597198,0,0,0.000159086828736605,0.0023455872718332,0,0,0,0.000676304799673255
297.138,0,0,0,0,0,0,0,0,0,0,NA,NA,NA,NA,NA,NA,NA,NA,NA,NA,0,0,0,0,0,0,0,0,0,0,0,0,0.00025127597755226,0,0,0,0,0,0,4.00718461569202e-05,0,0.000789129629435599,0,0,0,0,0,0,0,0,0.00100339195399251,0,0,0,0,0,0,0,0,0,0,6.02033662887175e-06,0,0,0,0,0,0
299.399,0.00552474757308031,0,0,0,0,0,0,0,0,0,0,NA,NA,NA,NA,NA,NA,NA,NA,NA,NA,0,0,0,0,0,0,0,0,0,0,0,0,0.00061238201000122,0,0,0,0.000587244053200883,0.000283091790561428,0,0,7.93309767236002e-05,0.00289118835012494,0.00162304944226024,0.00269225469356319,0.00037343401963409,0,0.000869181058626965,0.00121029748382612,0.000693107346604578,0,0.00136461221096929,0.000343136844289752,0.000528155902639117,0,0.000711656032137665,0,0.000368866363747467,0,0.0011748092139267,0.00016227570955474,0.00197645417598648,0.000680892206927473,0,0.000118852399677367,0.000974287636428855,0.000336540433915157,0
301.661,0.00358918253536173,0,0,0,0,0,0,0,0,0,0,0,NA,NA,NA,NA,NA,NA,NA,NA,NA,NA,0,0,0,0,0,0,0,0,0,0,0.00039073608811053,0,0,0.000139534731040059,0,0.00105028492002126,6.24754542904995e-05,0.000373356623337062,0,0,0.000227697191298269,0.0021261620827158,0.00035711108488959,0.00100266544222993,0,0,0.000109595492448203,0,0.00184860281431532,0.000633740650076534,0.000767453158534382,0.00216037775283322,5.05644988530194e-05,0.00184323756134175,0,0.00203495012833587,0.00045714670944368,0,0.00124185914668107,0,0.000879971061310386,0.000269370307287274,0.00152538612785354,0.00101477655652844,0.000614700155758399,0.000361386656109958
303.925,0,0.000213827766139685,0,0,0,0,0,0,0,0,0,0,NA,NA,NA,NA,NA,NA,NA,NA,NA,NA,0,0,0,0,0,0,0,0,0,0,0,0,0,0,0,0,0,0,0,0,0,0.000134273294352317,0,0.000346049830356411,0.000545962070766642,0,0,0,0.00101224540906655,0,0,0,0,4.25651463494919e-05,0,5.96066977646346e-05,0,0,0,0,0,0.000873749291041893,0,0,0,0.000566358137839704
306.189,0,0,0,0,0,0,0,0,0,0,0,0,0,NA,NA,NA,NA,NA,NA,NA,NA,NA,NA,0,0,0,0,0,0,0,0,0,0,0,0,0,0,0.000742706825870922,0,0,0,0.000160241482163208,0.000466921385229096,0.000450354934929136,0.000686831296158599,0,0,0.000713584168420305,0,0.000290372540068982,0.00132165759251198,0,0,0.0010345166144896,0,0,0,6.16269547069166e-07,0,0,0.000940255492199361,0.00207610281489142,0,0.000384590567543526,0,0,0,0
308.453,0.013244301949543,0.00736767169398698,0.00454762735709169,0,0,0,0,0,0,0,0,0,0,0,NA,NA,NA,NA,NA,NA,NA,NA,NA,NA,0,0,0,0,0,0,0,0,0,0,0,0.00125965814021976,0.0020102798434721,0,0.00167221381311385,0.000935414600552009,0.00221673754105289,0,0.000418228037240412,0.000536594644116219,0.00144276185951212,0,0.000196756822823384,0.000425795079092926,0.000414175796470434,0.00114443626723206,0.000654997327623737,0.000972556955310546,0,0.00135952937323349,0.00133264298329177,0.00203255904784458,0.00204007822237665,0.000122649154153578,0.00128023323704942,0.00222929711850923,0.00049645514252769,0.000863989030286818,0.000777999662891796,0.000456777484504531,0.00100134590153323,5.43923940136322e-05,0.000947375059728155,0.00164282705629152
310.719,0,0,0,0,0,0,0,0,0,0,0,0,0,0,0,NA,NA,NA,NA,NA,NA,NA,NA,NA,NA,0,0,0,0,0,0,0,0,0,0,0.000137208578394891,0.00104168729769652,0.00165915208058623,0.0019707203332133,0,0.000544567141972114,0.00144975029432723,0.00166484663248691,0.000783242716126606,0,7.80115389436971e-05,0,0,0,0.00466842912241207,0,0.00165786836079487,0.00218106826825484,0.00237272360654813,0,0.00115700818198259,4.31785069624798e-06,0.00063155148358244,0,0,0,0.000202238061457376,0.000673685974335021,0.00107734003542485,0,0.00149083618724367,8.50981366893371e-05,0.0012916543971297
312.986,0,0,0,0,0,0,0,0,0,0,0,0,0,0,0,NA,NA,NA,NA,NA,NA,NA,NA,NA,NA,0,0,0,0,0,0,0,0,0,0,0,0,0,0,0,0,0,0,0,0,0,0,0,0,0,0,0,0,0,0,0,0,0,0,0,0.000614109409079773,0,0,0,0,0,0,0
315.253,0,0,0,0,0,0,0,0,0,4.65128191781073e-06,0,0,0,0,0,0,NA,NA,NA,NA,NA,NA,NA,NA,NA,NA,0,0,0,0,0,0,0,0,0,0,0,3.8835486488306e-05,0,0.000769198312043565,0,0,0,0,0,0,0,0,0,0,0,0.000148226495767006,5.22587386670161e-05,0.000931405307656482,0,0,0,0,8.34697864958227e-05,0,0,0,0,0.000930103353887436,0,0,0,0
317.522,0,0,0,0,0,0,0,0,0,0,0,0,0,0,0,0,0,NA,NA,NA,NA,NA,NA,NA,NA,NA,NA,0,0,0,0,0,0,0,0,0,0,0,0,0,0,0.000101379246546351,0.000207857843189021,0,0,0.00109606121464376,0,0,0,0.00016106948236818,0,0,8.57061725606191e-05,0,0,0,0,0,0,0,0,0,0,0.00016335774589079,0,0,0,0
319.791,0,0,0,0,0,0,0,0,0,0,0,0,0,0,0,0,0,0,NA,NA,NA,NA,NA,NA,NA,NA,NA,NA,0,0,0,0,0,0,0,0,0,0,0,4.4761099057998e-05,0.00154273286996519,0.000412793407481624,0.000590534356518279,0.00160870801942195,0,0,0.000555779473334428,0.000952438443069432,0.000845668364670465,0.00184660988587308,0.0021856937591512,0,0,0.00195582061238903,0.00125703467633229,0.00198757509944078,0.00139224278823933,0.000606054169363977,0.00055477902963701,0.0014849902097209,5.11962896778121e-05,0.00181781416909733,0,0.00144594672586396,0.0013410643486004,0,0.00162564503583679,0
322.061,0.000966080369432852,0,0,0.00436160985456697,0,0,0,0,0,0,0,1.42270747300199e-07,0,0,0,0,0,0,0,NA,NA,NA,NA,NA,NA,NA,NA,NA,NA,0,0,0,0,0,0,0,0,0.00127211806380921,0,0.00153995630130847,0,0.000326332878596482,0.00131908032627926,0,0,0,0.00168835294479916,5.7997150944524e-05,0,0.00177130940513453,0.00112006725942811,0.00287165699212413,0.00132097898867712,0.0016047457312193,0.000402595711931429,0,0.000301350953415554,0.000770745212071387,0.00146104181546213,0,0.00132051385593328,0.00225440130360532,0.0018116003888696,0.00108987116267159,0.00049813274996541,0.00130750586049215,0.000268389629761487,0.00195624162408995
324.332,0,0.0106144763287279,0,0.00197838406480427,0,0.00294341189198791,0,0,0,0,0,0,0,0,0,0,0,0,0,NA,NA,NA,NA,NA,NA,NA,NA,NA,NA,0,0,0,0,0,0,0,0,0,0.00140942250453041,0.00131119496401835,0,0.00113313249219996,0.0034774242631317,0.000646396682285921,0.00217891860915537,0,0.00169315793654711,0.00278995346897041,0.00235381393367255,0.000177749602840356,0.00311479589888122,0.0023328315749943,0.00528013966146323,0.00168491886760922,0.00159156391546089,0.00266969558200469,0.00161145867561393,0.000903294763528973,0.00113534046888417,0.00345188182406712,0.00152200428961177,0.00277777388318952,0.00163921643456837,0.00123271426663994,0.00349889376777691,0.00266716027917,0.00125651179738862,0.00090529479466201
326.604,0,0,0,0,0,0,0,0,0,0,0,0,7.48659056948044e-07,0,0,0,0,0,0,0,NA,NA,NA,NA,NA,NA,NA,NA,NA,NA,0,0,0,0,0,0,0,0,0,0,0,0.00234496177408678,0,0,0,0.00158647885294109,0.000760501461740385,0.00145960800830123,0.000730141938072912,0.0018979283416087,0,0.000469237898165228,0,0.00048018271319336,0,0.00121132872181284,0.000134321172829736,0,0.000160135560533241,0.00170125754805681,0.000228513399323251,0.00104299623134488,0,0.000300561617097434,0.0015143467041346,0.0017468827981195,0.00122298542558631,0.000623469718469405
328.877,0,0,0,0.00283521118171314,0,0,0,0,0,0,0,0,0,0,0,0,0,0,0,0,0,NA,NA,NA,NA,NA,NA,NA,NA,NA,NA,0,0,0,0,0,0,0,0,0,0,0,0,0,0.00111382337087066,0,0,0,0.000251257659422673,0.00144294840172158,0.000389752989507845,1.2994157513269e-05,0.000668456188016907,0.00161717050398993,0.000835884610515044,0,0,0.00191524383011414,0.000280773364134429,0.000347386557645202,0.000826284687229813,0.000635490660013035,0,5.97571506406749e-05,0.00113736220846805,0.00219464256303664,0.00124200280847191,0.00116217262699666
331.15,0,0,0,0,0,0,0,0,0,0,0,0,0,0,0,0,0,0,0,0,0,0,NA,NA,NA,NA,NA,NA,NA,NA,NA,NA,0,0,0,0,0,0,0,0,0,0,0,0,0,0,0,0,4.90533990955792e-05,0,0,0,0,0,0,0,0,0,0,0,0,0,0.00105771566900781,0,0,0,0.00106840969452581,0
333.425,0,0,0,0,0,0,0,0,0,0,0,0,0,0,0,0,0,4.37852024115693e-06,2.24264275034248e-06,0,0,0,NA,NA,NA,NA,NA,NA,NA,NA,NA,NA,0,0,0,0,0,0,0,0,0,0,0,0.00073617871161393,0,0,0,0.00047512480895177,0,0,0,0,0.000939858961956552,0,0.00094525500107801,0,0,0,0,0,0.000619994907447072,0,0.000167260100979357,0,0,0,0,0
335.7,0,0,0,0,0,0,0,0,0,0,0,0,0,0,0,0,1.286441034544e-06,1.68974609727968e-05,2.15654904715816e-05,8.55784511485772e-06,0,0,0,NA,NA,NA,NA,NA,NA,NA,NA,NA,NA,0,0,0,0,0,0,0,0,0,0,0,0.00144430038379449,0,0,0,0,0,0,0.000762578192110422,0.000410413776608101,0,0,0,0,0.00158402274212775,0,0.000270301367504985,0,0,0,0,0.00100140421449746,0,0,0
337.977,0.00449387327004545,0,0,0,0,0,0,0,0,0,0,0,0,0,0,0,3.6294705009522e-07,3.13720306242053e-05,5.09337563911808e-05,3.77239973591939e-05,1.38529575853583e-05,0,0,0,NA,NA,NA,NA,NA,NA,NA,NA,NA,NA,0,0,0,0,0,0,0,0,0,0,0,6.06179305715251e-05,0.000215305450778218,0,0.000108669039142149,0,5.34237457448558e-05,0.00138436300715303,0,0,0,0,0,0,0,0.000289897561440091,0.00013163917472958,0,0,0,0,0,2.28688279544637e-06,0
340.254,0.00986877972704813,0,0,0,0,0,0,0,0,0,0,0,0,0,0,0,0,4.59900927234432e-05,8.26491981269214e-05,7.25928848816292e-05,4.02445013392386e-05,8.84101034146985e-06,0,0,0,NA,NA,NA,NA,NA,NA,NA,NA,NA,NA,0,0,0,0,0,0,0,0,0,0.00147433926937349,0.000774667624760465,0,0,0.000662420724024613,0,0,0.00225106636674495,0.000966803405034693,0,0,0,0.00186893344045566,0,0.00135751778361103,0.00077063065347244,0.00137247606752149,0.000603019358745867,0.000138252201071194,0.000839040304622303,0.000459358919788662,0.00204160435140022,0.00104060427500376,0.00150351759271455
342.532,0,0,0,0,0,0,0,0,0,0,0,0,0,0,0,0,0,6.43363835981459e-05,0.000111020684776085,0.000102481034598737,6.75887038802557e-05,2.90289891432562e-05,0,0,0,NA,NA,NA,NA,NA,NA,NA,NA,NA,NA,0,0,0,0,0,0,0,0,0,0,0,0.00126819056960098,0,0,0.00195518297673825,0,0.00136757640215,0,0.00209891028556,0,0.000771503248521833,0.00069012433058122,0,0.000723843159483527,0.000809116001195114,0.000480003374322876,0.000233523147736528,0.00132219133725322,0.000553905519133753,0.00152739431306266,0,0.00072498740365131,0.00160441714783894
344.81,0,0,0,0,0,0,0,0,0,0,0,0,0,0,0,0,0,0.000124096871549767,0.000161983893311094,0.000132309941659354,9.32972384635039e-05,5.6441840335327e-05,2.23846614971039e-05,0,0,0,NA,NA,NA,NA,NA,NA,NA,NA,NA,NA,0,0,0,0,0,0,0,0,0,0,0,0,0,0,0,0,4.54878187688341e-05,0,0.000468213814329375,0,0,0,0.000789618764468875,0,0,0,0,0,0,0.0010228689021666,0,0
347.09,0.00246729453841636,0.00106243715586448,0,0,0,0,0,0,0,0,0,0,0,0,0,0,0,0,0.000258844524145707,0.00017457721367992,0.000121516321628016,9.26387660474854e-05,5.41233975858361e-05,0,0.000206289771283762,6.00676786580783e-05,0,NA,NA,NA,NA,NA,NA,NA,NA,NA,NA,0,0,0,0,0,0,0,0,0,0,0,0.000756885036949438,0,0.000838723790216162,0,0,0.00248706932123314,0.000123054015639409,0.00270395795803138,0.00146599305771494,4.07313971137448e-05,0.000263791541571407,9.09279361167237e-05,0,0.000830427428350187,0.0018112428036307,0.0007991809671639,0.000729313519867627,0.00109930015261607,0.000280711749705165,0.00191734163828995
349.37,0,0,0.000639222859702337,0,0.00751082404816086,0,0,0,0,0.00201023008140471,0,0,0,0,0,0,0,0.00233349601311606,0,0.000251000854380559,0.000186036812793445,0.00014256278360247,9.68566031387547e-05,8.57083278566905e-05,0,0.000981320301929664,0.00100793275096719,0,NA,NA,NA,NA,NA,NA,NA,NA,NA,NA,0,0,0,0,0,0,0,0.000329469799402158,0.00178767878248611,0.00137693126507577,0.00339144728700247,0.00264299051101282,0.00100407592114621,0,0.000381578080878042,0.00169272033324747,0.000748678098128049,5.33919458339445e-05,0.00116327354244064,0.0011292885990914,0,0.00102506519273615,0.00204105353094131,0.00102859000738637,0.00263294601873328,0.000169665243691931,0.00362680827223773,0.00223368965545457,0.00183437706078524,0.000868110428582207
351.652,0,0,0,0,0,0,0,0,0,0,0,0,0,0,0,0,0,0,0,0.000370027235287932,0.000310321452995767,0.000204256119549217,0.000144874201126087,0.000116977656057238,0.000163182033337585,0,0,0,NA,NA,NA,NA,NA,NA,NA,NA,NA,NA,0,0,0,0,0,0,0,0,0,0,0,0,0,0.000917410556833839,0,0.000959248798163353,0.00066428400641774,0.00131178763989007,0.000498384726942875,0.0013064102584214,0.00163555969588948,0,0,0.000691869358264321,0.00125958885299821,0.0021725900741162,0,0,0.000789205895404968,0
353.934,0,0,0,0,0,0,0,0,0,0,0,0,0,0,0,0,0,0,0,0,0.000394020423381032,0.000228139984368169,0.000168950976460051,0.000136108894162049,0.000115163462409866,0,0,0,0,NA,NA,NA,NA,NA,NA,NA,NA,NA,NA,0,0,0,0,0,0,0,0,0,0,0,0,0,0,0,0,0,0,0,0,0,0,0,0,0,7.7240428918852e-05,0.0025749920072736,0,0
356.217,0.00500141402853578,0,0.00505556863759731,0,0,0.00245027863639073,0,0,0.0027495029035697,0,0,0,0,0,0,0,0,0,0,0.00220528958757782,0.000325077218658015,0.000165350408521555,0.000141047772695126,0.000137427705294401,0.000100684229269762,4.24810805397865e-05,0,0,0.000214919191584899,0,NA,NA,NA,NA,NA,NA,NA,NA,NA,NA,0,0,0,0,0,0,0,0.000718122172289903,0,0.000668081769077468,6.91477803613022e-05,9.15215963531942e-05,0.000161383613002796,0,0,0.00195182335117873,0.000570400691585043,0.00191140504897554,0.00182672046288088,0.000845150833955275,0.000996851472299496,0.00113313902848579,0,0.00120887239597709,0.00346455336700053,0.000347480826990981,0.00228348562950524,0.00198880007147893
358.501,0.00418480028584933,0,0,0,0,0,0,0,0,0,0,0,0,0,0,0,0,0,0,0,0,6.50282728852696e-05,8.60013907176388e-05,0.000124949668965374,0.000112978383987014,5.27843388512533e-05,0,0,0,0,0,NA,NA,NA,NA,NA,NA,NA,NA,NA,NA,0,0,0,0,0,0,0,0,0,0,0,0.000528682972357164,0,0,0.000524322651327183,0,0,0,0,0.000118280607885503,0,0,0,0,0,0,0
360.785,0,0,0,0,0,0,0,0,0,0,0,0,0,0,0,0,0,0,0,0,0,0,5.43200680020201e-05,0.000110582816151836,0.000124429821326447,8.27324725855466e-05,3.29470166069169e-05,0,0,0,0,NA,NA,NA,NA,NA,NA,NA,NA,NA,NA,0,0,0,0,0,0,0,0,0,0,0,0,0,0,0,0,0,0,0,0,0.000233854714628997,0.000171058849601118,0,0,0,0,0
363.071,0.00246628762444046,0,0,0,0.0052216736385712,0,0,0,0,0,0,0,0,0,0,0,0,0,0,0,0,0,0.0001354047766439,0.000129763654797326,0.000127530565531426,0.000110802243197551,7.40900453887375e-05,3.5678008992071e-05,0,0,0,0,NA,NA,NA,NA,NA,NA,NA,NA,NA,NA,0,0,0,0,0,0,0,0,0,0,0,0,0,0,0,0,0.000132419043282633,0,0,0.00026060655224656,0,0.000248433429043306,0,0.000674574987314446,0,0
365.357,0,0,0,0,0,0,0,0,0,0,0,0,0,0,0,0,0,0,0,0,0,0,0,0.000203787329578966,0.000120757781153016,0.000129481777097172,0.000125757210384747,0.000101149840831443,0,0,0,0,0,NA,NA,NA,NA,NA,NA,NA,NA,NA,NA,0,0,0,0,0,0,0,0,0,0,0,0,0,0.000544817343388235,0,0.000840570884026716,0,0,0,0,0,0,0,0,0
367.644,0.00756077618133284,0.0128458877318071,0,0.00213648242988645,0,0.000198824481665554,0,0,0,0,0,0,0,0,0,0,0.00211148045102778,0.000545900914042841,0,0.00212232973855509,0,0.00277783153053602,0.00102432141686366,0.00024369428649634,9.95790239153235e-05,0.000147346566429453,0.000191688422747063,0.000186003140862455,0.000149352506311747,0.000459717380700941,0,0.00111115234979073,0.000143553839071536,0,NA,NA,NA,NA,NA,NA,NA,NA,NA,NA,0,0,0,0,0,0,0,0,0,0,0.000952987380918132,0.00184501070160013,0.00115629200488194,0.000107945194489183,0.00155971193671546,0.000743551674770879,0,0,0,0,0,0,0.00206782291585878,0.000636006571000763
369.932,0,0,0,0,0,0,0,0,0,0,0,0,0,0,0,0.000743859200278078,0,0,0.000383840608733805,0,0,0.00105907770784309,0,0,7.58070769966275e-05,0.000196342477372524,0.000287546183458252,0.000275335890488744,0.000189758696533262,0,0,0,0,0,NA,NA,NA,NA,NA,NA,NA,NA,NA,NA,0,0,0,0,0,0,0,0,0,0,0,0,0,0,0,0,0,0.00128498818296678,0,0.000657245800380958,0.000673429768337943,0,0,0
372.221,0,0.00166793159298416,0,0,0,0,0,0,0,0,0,0,0,0,0,0,0,0,0,0,0,0.00154701676354807,0,1.65998057173534e-05,0,0.000395649596775461,0.000475979935166879,0.000375273214249442,0.000219771032548374,9.50861638914128e-05,0,0,0,0,0,NA,NA,NA,NA,NA,NA,NA,NA,NA,NA,0,0,0,0,0,0,0,0,0,0,0.000101564458380335,0.000909497364591971,0,0.000717110074807296,0,0.00154685510655915,0,0,0.000688870926351956,0,0.000799459099910167,0.00227871309393128,0.00143571504614245
374.511,0,0.00372492694762211,0,0.0017795555192309,0.0118881089033547,0.000304140093079146,0,0,0,0,0,0,0,0.00187266083415487,0,0,0,0,0.00124427163469024,0,0,0.000546656347875919,0,0,0,0.000799393804972655,0.000775939814622774,0.000483048706054514,0.000265972567218338,0.000127256417811149,6.28984722618018e-05,0.000374481708209198,0,0.00168014015585566,0.00106912180201184,0,NA,NA,NA,NA,NA,NA,NA,NA,NA,NA,0,0,0,0,0,0,0,0,0.000158298038005303,0,0.000287284807851685,0,0,0.00179467733870004,0,0,0,0,0.000315808581421653,0,0.00116423957131761,0
376.801,0.0159920552223239,0,0.0038684395866694,0,0.000465538043290844,0,0,0,0,0,0,0,0,0,0.000257517969101292,0.00161348698381523,0,0,0,0,0.00032550359270116,0,0.000283492485845276,0.000569170040840402,0.000300422012186324,0.00188918013308061,0.000946520768912763,0.000527960777916329,0.000288291345559079,0.000164112335926815,9.24246516847793e-05,0,0,0,0,0,0.000562458594486098,NA,NA,NA,NA,NA,NA,NA,NA,NA,NA,0,0,0,0,0,0,8.76114347887205e-05,0,0,0.0014985846133621,7.12002927754129e-05,0,0.000511978569777238,0.000993969477241501,0,0,0.000203007877842601,0.0025906416905831,0.000792538146385585,0,0.000767210564163699
379.092,0,0,0.00866204545843158,0,0,0,0,0,0,0,0,0.00213010708443293,0,0,0,0,0,0.000316578704994645,0,0,0,0,0.000489132837412957,0,0,0.00136867680779257,0.000777642501846967,0.00045571440670345,0.000250812952003958,0.000161189443074012,0.00010424931777061,8.54048571754899e-05,0,0.000401659654021387,0,0,0,0,NA,NA,NA,NA,NA,NA,NA,NA,NA,NA,0,0,0,0,0,0,0,0.000658777940891866,0.000537473427115036,0,0.000210839941649803,0,0.00144229803144302,0.000373167432243521,0.00072576558678167,0.000843121831884187,0.00149185281157038,0,0.000537982596910681,0
381.384,0.00370194772227193,0.000804806595957268,0,0.00303047750234715,0.002437355575709,0,0,0.00146549418789442,0,0,0,0,0,0,0.000741418914749511,0.00240244290219815,0,0.00051172346474373,0.000318364150729136,0.00119705502009898,0.00190303068552812,0,0,0,0,0,0.000410427553246153,0.000361342846397107,0.000214109101167998,0.000150286483619653,0.000107218635751756,8.48102019185668e-05,0,0.000836757091632041,0.00131899627088192,0,0,0.000562873506753798,NA,NA,NA,NA,NA,NA,NA,NA,NA,NA,0,0,0,0,0,0,0,0,0,0,0.000249360137648092,0.000226907889902304,0.000499219033922111,0.000545051954207758,0.00144698126869396,0.00284694866181781,0.000862422125275706,0,0,0.0016074013623077
383.677,0,0.00472593645440102,0,0,0.00610726693620727,0,0.00188647612554098,0.00206517204126653,0,0.00115133637723038,0,0,0,0,0,0,0,1.36972738335694e-06,0,0.000586855863035527,0,0,0,0,0,0,0.000834465186821598,0,0.000237060937399088,0.000165465985915614,0.000116719721510136,8.88793521975134e-05,0.000152120393545429,0,0,0,0,0,0,NA,NA,NA,NA,NA,NA,NA,NA,NA,NA,0,0,0,0,0,0,0,0,0,0,0,0,2.52235963741499e-05,0,0,0,0.000690088315815234,0,0
385.971,0,0,0,0,0,0,0,0,0,0,0,0,0,0,0,0,0,0,0,0,0,0,0,0,0,0,0,0,0.000270701098981175,0.000169849808484492,0.000114024798814212,9.15254797856028e-05,9.74016121965e-05,0.000109821495548918,0,0,0,0,0,0,NA,NA,NA,NA,NA,NA,NA,NA,NA,NA,0,0,0,0,0,0,0,0,0.000712570314384292,0,0,0,0,0,0.000393174152394981,0,0,0
388.265,0,0.012640387505251,0.00169392290372582,0.004836631480336,0,0,0.000933559532077456,0.00335355878996407,0.00586993710164582,0.00312693881884971,0.000885822734503291,0.0031745470106455,0,0.00160515090679986,0.00172533716222565,0.000273899199676167,0,0,0.00130216295742999,0.000629285350671074,0.00259077370883897,0.00192706646444402,0,0.000938989166455954,0.000612911389165307,0.00142249609423115,0.000246851733370587,0.0022939060559091,0.000238692581286527,0.000126259540129465,8.13940108374731e-05,8.50803364080439e-05,9.06020505149101e-05,7.88349094174268e-05,0.000208001918506294,0,0.00228941104575384,0.000595742010595938,0.0012156769176414,0,0.000882960072468426,NA,NA,NA,NA,NA,NA,NA,NA,NA,NA,0,0,0,0,0,0,0.00138611803878298,0.000783327371553346,0.000351456889906872,0.00330658093832615,0.0010300529781408,0,0.0012104579111569,0.00177901060256278,0.00049759767854585,0.00170322453477979,0.00211090761361852
390.561,0,0.00339588812400484,0,0.0022470456180466,0,0,0.00398163664650538,0,0,4.48475535562342e-05,0.000334213686963274,0,0,0,0,0,0,0,0.000198406924316965,0,0.000375296611699404,0,0,0,0,0,0,0,3.997522896221e-05,6.10500760634546e-05,3.57119344356364e-05,6.74023010454139e-05,9.95535717218748e-05,9.60124150613412e-05,0.000109288920272342,0,0,0,0,0,0.000520415394534623,NA,NA,NA,NA,NA,NA,NA,NA,NA,NA,0,0,0,0,0,0,0,0,0,0.00107434696924727,3.48303827596616e-05,0,0,0,0.000570565607109738,0.000759779227299546,0
392.857,0.00909046010587516,0.0143141810721023,0,0.00204902773020003,0,0.0028029779010513,0.00024655763658059,0.000543123438765054,0.00317718186642578,0.00248066233881204,0.00313185992942124,0,0,0.00149860897670165,6.29936221970701e-06,0.00211999731363079,0,0,0.00188848006925998,0.000784465695824239,0.00153289971251985,0.00151676768463865,0.000536297792143959,0,0.00101271205568862,0,0.000964151748158416,0.00109706742026148,0,0,2.43907467069203e-06,4.08776623838504e-05,8.69428163469117e-05,8.90428314253055e-05,8.54606170433633e-05,0,0.000870284435468639,0.000260391221828951,0.000658719583077033,0.000996766290755107,0.000654185412170472,0.000675381746766365,NA,NA,NA,NA,NA,NA,NA,NA,NA,NA,0,0,0,0,0,0,0,0,0.000839181275050244,0.0013796051995593,0.000269662227803548,0.0011672097076344,0.00213318197839437,0.000435846213894081,0.000912973184950155,0.000881223887129075
395.154,0,0,0,0,0,0,0,0,0,0,0,0,0,0,0,0,0,0,0,0,0,0,0,0,0,0,0,0,0,0,0,1.89161589292807e-05,6.06279256753088e-05,7.16304529176263e-05,5.55951074659064e-05,0.000100807689147781,0,0,0,0,0,0,0,NA,NA,NA,NA,NA,NA,NA,NA,NA,NA,0,0,0,0,0,0,0,0,0,0,0,0,0,0,0
397.451,0.0055790329136767,0,0,0,0,0,0,0,0,0,0,0,0,0,0,0.000123007971378768,0,0,0,0,0,0,0,0,0,0,0,0,0,0,0,1.36856997824876e-05,3.77751233894962e-05,6.69449883202683e-05,5.44269896233816e-05,4.54116652708852e-05,0,0,0.000178881140103583,0,0,0,0,0,NA,NA,NA,NA,NA,NA,NA,NA,NA,NA,0,0,0,0,0,0,0.00031793639875946,0,0,0,0.000470455098910528,0,0.000358445556320447,0.000678096733739376
399.75,0.00467565511715267,0.0030228568512263,0,0.00556895099349399,0,0.00367374889019071,0,0.00385279179168184,0,0.00166958880077203,0,0,0,0.00113197618690996,0.00155290258289915,0,0,0,0,0,0,0.00148375867699462,0,0,3.74237357492908e-05,0.000476373758993627,0,0,0,0.00116565195611181,0,0,3.42688603876078e-05,6.95177687569246e-05,6.38420093254884e-05,2.69316028504651e-05,1.37817855542539e-06,0,0.000380729722416191,0,3.29988668168994e-05,0,0,0.000252529539797634,NA,NA,NA,NA,NA,NA,NA,NA,NA,NA,0,0,0,0,0,0,0,7.56676289574621e-05,0,0.000531316748311405,0.000884755938209689,0,0,0
402.049,0.000955255549076378,0.000660367703132214,0,0.00170837649203521,0,2.2244865804134e-05,0,0,0.000921977355604145,0,0,0,0,0,0,0,0,0,0,0,0,0,0,0,0,0,0,0,0,0,0,0,7.70809512910897e-05,8.95028820517286e-05,7.55603180006373e-05,4.44587328643947e-05,1.5859196776143e-05,3.68792551323956e-06,0,0,0,0,0.000170366927858488,0,0,NA,NA,NA,NA,NA,NA,NA,NA,NA,NA,0,0,0,0,0,0,0,0,0,0,0.00019636057300647,0,0
404.349,0,0.000379650513387189,0,0,0,0,0,0,0,0.0017465788618022,0.00175034657683684,0,0,0,0,0,0,0.000377072610995335,0,0,0,0,0,0,0,0,0,0,0,0,0,0,0,0.000199508154295215,0.000141015684107428,9.1786177908832e-05,5.15627232253981e-05,1.45512799028314e-05,0,0,0,0,0,0,0,0,NA,NA,NA,NA,NA,NA,NA,NA,NA,NA,0,0,0,0,0,0,0,0,0,0,0,0
406.649,0.0146294423664375,0,0.0070439019180286,0,0.00871115140240221,0.0028859675403678,0,0.00485205953295861,0.00131286728729471,0,0,0,0.00110300922118164,0.0023263752342707,0,0,0,0.00296410179816387,0,0,0,0.000156710052588622,0.000354865743238157,0.00121100011763638,0,0,0,0.000228171020494051,0,0.000388093635862894,0,0.000885290651127253,0.00073713516735594,0,0.000268280808206637,0.00014923046434893,7.74683038417798e-05,3.53378013120746e-05,0,0,0,0.000265581674100346,0,0.000575104045019148,0.000802913944809018,0.00046662454771425,0,NA,NA,NA,NA,NA,NA,NA,NA,NA,NA,0,0,0,0,0,0.000390829726331162,0.000782999877074608,0.00075621558372124,0.000196614827173985,0.000563069908238035,0.00111938922679011
408.951,0,0.00350478678462518,0.00712346680576785,0.00941571605456353,0,0.00154729338043974,0,0,0.000760842503938994,0.00104093457873712,0.00210969845028027,0.0020487701739418,0.000405447650812423,0.00291793684140139,0,0.00130314181750693,0,0.000136414513366861,4.82559180679757e-05,0.000297548359200308,0.00160297086737685,0,0,0.000816353986472447,0,9.71298329545063e-05,0.000183954551386633,0.00103176686866641,0,0,0.00132425127159666,0.00079397259894131,0,0.00188280042874983,0.00031928988623124,0.000163567627127226,8.86930713586301e-05,6.24850660087792e-05,2.05151927861222e-05,0,0,0,0,0.000827641959730716,0.00117911772855447,0,0,NA,NA,NA,NA,NA,NA,NA,NA,NA,NA,0,0,0,0,0,0.000587122402384447,0,0,0,0,7.58978891079338e-05
411.253,0,0,0,0,0,0,0.00108383665092175,0,0,0,0,0,0,0,0,0,0,0,0,0,0,0.000803991375990362,0,0,2.12158405158738e-05,0,0,0,0,0,0,0.000653272815525723,0,0,0,0.000107952990582934,8.39556015680352e-05,9.06534839760401e-05,7.22209834431938e-05,3.23740096760609e-05,0,0,0,0,0,0,0,0,NA,NA,NA,NA,NA,NA,NA,NA,NA,NA,0,0,0,0,0,0,0,0,0,0
413.556,0.0139532257774546,0.00955747825467936,0.00679100737480708,0,0,0,0.00327658295697377,0,0.00510768164992997,0.0019543084441151,0.00192569582741472,0,0.000813431565024247,0,0.00148568253742536,0.00134074187879877,0,0,0,0.000329191916640714,0,0,0.000529066269373928,0,0.000685539168662042,0.000286077717019674,0.000547053431372361,0.000900941938552298,0.00251267411485151,0,0.000366951647786046,0.000348931618065512,0,0.000882608761195046,0,3.50526085432949e-05,6.03924089534242e-05,0.000107651479921924,0.000133707181883716,0.000100190591196147,2.94654433169511e-05,0,0,0.00104260126177641,0.000149122987313482,0,0,9.13997034890617e-05,0.00039132438843885,NA,NA,NA,NA,NA,NA,NA,NA,NA,NA,0,0.00130366147122734,0,0,0,0,0,0,0.0011762171964712
415.86,0.0022179445581956,0.00966726435093664,0,0,0.00247030112095462,0,0,0,0,0,0,0.000293078620836294,0,0,0,0,0,0.000535157252472289,0,0,0,0,0,0.000157471620545583,0,0,0,0.000298899876690948,0,0,0.000348895641394181,0.00065366393214422,0,0,0,0.00011694078273904,7.17040272396724e-05,0.000160195065360127,0.000223736982113805,0.000187494457688955,8.28692372784316e-05,0,0,0.000769744179625768,0,0,0,0,0.000868571405147532,0,NA,NA,NA,NA,NA,NA,NA,NA,NA,NA,0,0,0,0,0,0,0,0
418.165,0,0,0,0,0,0,0,0.000878137076762125,0.00127322535636181,0,0,0,0,4.09971573523257e-05,0,0,0,0,0,0,0,0,0.000495260745940214,0,0.000336649392410843,0.000107796716673108,0,0.00187245165773548,0,0.00043760232667229,0,0,0,0.00140097275081458,0,0,0,0.000429500887859355,0.000431002959276216,0.000306901942409838,0.00015083931747632,8.06526024176404e-05,0.000232286839344331,0,0,0,0.000387204479696102,0,0,0,0,NA,NA,NA,NA,NA,NA,NA,NA,NA,NA,0,0,0,0,0,0,0.000596534468255733
420.47,0,0.00169873392188356,0,0,0,0,0,0,0.000737342166984986,0,0,0.000254724014268671,0,0,0,0.000255360067462328,0,0,0,0,0,0,0,0.0012886964506576,9.0076737267504e-05,0,0,0,0.000457026774848357,0,0,0,0,0,0,7.49711586978177e-05,0.000100005070396109,0.000888676191453691,0.000726608018156576,0.000439074034940741,0.000220954425327117,0.000110871432468598,0,0,0,0,0,0,0,0.000713828378551992,0,NA,NA,NA,NA,NA,NA,NA,NA,NA,NA,0,0,0,0,0,0,0
422.776,0.0239835139257153,0.00560700324523349,0.0129705527799556,0.00773267841161675,0.00826728809418661,0.00597857617733872,0.00731687295512518,0.00933632311126821,0.00429203674835411,0.0080489299993855,0.00461195449541335,0.00251303529656162,0.00392674303968495,0.00383549019213846,0.00314724833345339,0.00205165258563063,0.00390778405482467,0.00155347188737733,0.00279638076866783,0.000901215290920275,0.00105406827972966,0.000722756985329247,0.00351784426560559,0.002595771478624,0.00134758042412747,0.00142326988418749,0.000504896829495197,0.00205459955633335,0.00167590615873169,0.00204225733513691,0.00328754401949684,0.00163476556869977,0.00245585576477162,0.0014945965751389,0.00168421452320785,0.00138408150933088,0.00175574470231061,0.00195520235131158,0.000821312622741008,0.000495728492866775,0.000266352863974351,0.000139208457382148,0.000177897073106641,0.00070213606455125,0.00191441852046334,0.00101702219636316,0.00125648296391527,0.00172438645153231,0.00193637016928009,0.00200385122459627,0.000849525377805986,0.00265656992936216,NA,NA,NA,NA,NA,NA,NA,NA,NA,NA,0,0,0,0,0.00208570040466842,0.00112197103973405
425.083,0,0,0,0.00674313959291163,0.00428254909734019,0,0.00302832939877157,0,0,0,0.000476600078674867,0,0,0,0,8.90030948333704e-05,0,0,0,0,0,0.000150354232087916,0.000684877026047306,3.3055755678762e-05,0,0,0,0,0,0,0,0,0.000365798207883062,0,0,0,0,0,0.000607339037059755,0.00044322854870229,0.000269362216678916,0.000161554239736584,0.000149520993705445,0,0,0.000233272779184553,0,0,0.00050110269971633,0,0,0,0.000161178195247283,NA,NA,NA,NA,NA,NA,NA,NA,NA,NA,0,0,0,0,0
427.391,0,0,0.00256059439013058,0.0040036953731605,0.00651024082585558,0.00361160333359239,0.000606395989191817,0.00462303947585015,0,0,0,0,0.001824323163676,0.00269827062917875,0.000601077692710999,0.000101881012236009,0,0.00258424522591121,0.00215366119595303,0,0.000899720594464607,0,0.00134545989848066,0,0.000314694699403654,0,0,0,0,0.00105947787494058,0.000753340923442253,0,0.000214553907484962,0,0.000737012568142807,0.00186511186587887,5.22715186076366e-05,0,0.000534310204875776,0.000366141116863441,0.000232938718361379,0.000157645105605963,0.000119469021505625,9.50282990222178e-05,0,0,0.000585582316633342,0.00119061270485492,2.92983856636629e-05,0,0.000810114080873326,0.000326878222194314,0.000770556435698709,0,NA,NA,NA,NA,NA,NA,NA,NA,NA,NA,0,0,0,0
429.699,0,0,0,0,0,0,0,0,0,0,0,0,0,0,0,0,0,0,0,0,0,0,0,0,0,0,0,0,0,0,0,0,0,0,0,0,0,0,0,0.000311048795050119,0.000169954345188583,0.000122359220371077,0.00010595338222126,6.08464103218774e-05,2.44007715545706e-05,0,0,0,0,0,7.46968677769022e-05,0,0,0,NA,NA,NA,NA,NA,NA,NA,NA,NA,NA,0,0,0,0
432.008,0,0.00440482499275336,0.00134953842273887,0,0,0,0.000436130434630167,0.00084811525212264,0.00107297578670236,0.000883208946583894,0.000772036695114555,0,0,0,0,0.000665009488929212,0.00196088346575496,0,7.8315283852152e-05,0,0,0,0,0.00136389571720635,0.000335350370044172,0,0.00069817898953907,0,0.00063665789526431,0,0,0,0.000211089199393738,0.000432953119210003,0.000688938979939914,0.000117532899120978,0,0,0.00143648733597901,0,0.00010704219625748,8.00012739209327e-05,9.07309824107393e-05,6.26100446080577e-05,8.22354352896764e-06,0,0,0.000237752088701412,0,0.000242206918979091,0.000999929511673687,0.000449931343005562,7.41935371899151e-05,0.000207912235454288,0.000370527936362402,NA,NA,NA,NA,NA,NA,NA,NA,NA,NA,0,0,0
434.318,0.00338312361403837,0,0,0,0.00230171200997002,0.0009624123917288,0,0,0,0.00054407136541218,0,0,0,0,0,0,0,0,0,0,0,0,0.000140765069029521,0.000970223323823331,1.46340908682608e-05,0,0,0,0.00118079762882492,0.00068773446499838,0,0.000608358787128083,0,0,0,0,0.000350508821467993,0.000250711842180152,0,0,0,5.82848898410231e-05,6.83148610349101e-05,5.76376594131563e-05,1.2420358203286e-05,0,0,0,0.000162513132311061,0,0,0,0,0,0,0,NA,NA,NA,NA,NA,NA,NA,NA,NA,NA,0,0
436.629,0,0,0,0,0,0,0,0,0.000262168166424483,0,0,0,0,0,0.00194016124263312,0,0,0,0,0,0.000473826363636639,0,0,0,0,0,0,0,0,0,0,0,0,0,0,0,0,0,0,0,0,8.49455311879334e-05,5.84143252200805e-05,4.61988013552088e-05,1.71788913196129e-05,7.77650611524861e-06,0,0.000677132437481431,0,0,0.000794125447705603,0,0,0,0,0,0,NA,NA,NA,NA,NA,NA,NA,NA,NA,NA,0
438.94,0.00919303167541046,0.00153671194133992,0.00202237791649081,0,0.000551594965367558,0.00046192544687706,0.000877739761999238,0.00156331031355374,0,0.000240427051610082,0,0,0,0,0.000343404614945191,0.000616319851383432,2.42870605859158e-05,0.00017662459193569,0.000506713503445858,0.00065453574207482,0,0.00133524788462886,0,0.00101792419340811,0,0,0.000975006808428377,0.000951894948070587,0,0,0.00113480649001696,6.57094334334493e-05,0,0.00041989517671072,0.000601907366963786,0.0011475411511496,0.000131387307801956,5.4364288901394e-05,0,0.00176566628563361,0.000875058577611996,0,6.41843964928284e-05,3.30859792979782e-05,1.55409175369066e-05,1.19058552616436e-05,3.61614848951493e-05,0,0,0.000238472169643115,0,0.000116107693834052,0.00204604627723877,0.000315555121380524,0.0014907215790844,0.00146331804242415,5.16408577481233e-05,NA,NA,NA,NA,NA,NA,NA,NA,NA,NA,0
441.252,0,0,0,0,0.000432448366679952,0,0,0,0,0,0,0,0,0.000519702794388003,0,0,0,0,0,0,0,0,0.000535480582460715,0.000270170209208092,0,0,0.000415145032686857,0.000625209138924684,0.000188262528903537,0,0,0,0,0,0.000105856102072656,0,0.000248835482829211,0.000184440766633649,0.000290520290202781,0,0,0.00027864403012369,6.33962967216776e-05,2.47028864183889e-05,1.49169924319129e-05,1.22506098376146e-05,1.76620363839353e-05,4.3129045664842e-05,0,0,0,0,0,0.000300353395572719,0,0,0,0.000431810287379171,NA,NA,NA,NA,NA,NA,NA,NA,NA,NA
443.565,0,0,0,0.00259151001427558,0,0,0.00184288820397478,0,0.00218761869531894,0.000114084338408269,0,0,0,0,0,0,0,0,0,0.000309537651822668,0.000780768137250991,0,0,0,0.00071500711860562,0.000112129015864005,0,0,0.000231413358926447,0,0.000457116325645487,0.000105850091199064,0,0,0.000316205251847605,0.000398264941623452,0.000210784555024759,0,0,0,0.000404874850648933,0.000212627078858523,0,4.62032587453485e-05,3.40906905539637e-05,1.98105811807637e-05,7.52170034916173e-06,1.83253376357829e-05,0,0.000117625925069781,0,0,9.50352530331962e-05,0,0.00042645559815455,0.00063811219677215,0,0.000921324373598057,0.000121963083030872,NA,NA,NA,NA,NA,NA,NA,NA,NA
445.879,0,0,0,0,0,0,0,0,0,0,0,0,0,0,0,0,0,0,0,0,0,0,0,0,0,0,0,0,0,0,0,0,0,0,0,0,0,0,0,0.000207137141588436,0,0,0,0.000141761959863654,0.000102976358985,5.31911894796321e-05,9.6214311489298e-06,6.66197535588115e-06,4.97849150905234e-05,0,0,0,0.000668421540817994,0,0,0,0,0,0,0,NA,NA,NA,NA,NA,NA,NA,NA
448.193,0,0.000280043579217209,0,0,0.00955620153453404,0.002333831352389,0.000897052044886833,0,0.000991334371232622,0.00169838937500891,0.00130675721104903,0.000198343770346824,0,0.000393475536929426,0.000399798007768641,0.00195755832433247,0,0,0.000662734060435485,0.000896523985985246,0.00131165460592181,0.000301085264990911,6.79046671340952e-06,0,0.000688492527546495,0,0.000961063081758036,0.00174702572678757,0.00168448867668715,0,0.000206785778779444,0.000935495558476785,0.000475625928413599,0,0.000388450757376342,0,9.04499606298179e-05,0,0.00108583258091861,0,0.000949483615306998,0.000943746665848256,0,0,0.000196549576557611,9.17421732409199e-05,1.4164765141869e-05,2.42417950285211e-06,6.4524758667519e-05,0,0.00058540259404127,0.000365970845720578,0.000508546296706713,0.000486056491424987,0.000954668578716664,0.00125868118999688,0,0.000194935931063022,0,0.000589195176432255,0.000380489555265573,NA,NA,NA,NA,NA,NA,NA
450.508,0.00819879630165061,0.00558627455767503,0.000772246339428042,0.00230956770591076,0.0100326217161748,0.00328853474677189,0.00286297036026449,0.00457562863338489,0.00223765302628292,0.00400409842357094,0.00254357107710474,0.00291033920871408,0,0.00221717297860853,0.00248398816874559,0.000323479310920795,0.00153973861371245,0.00150092860937142,0.00242652850116681,0.00183992603866211,0.00112148989278327,0.000862713905160417,0.00169991375798293,0.00220631479542019,0.00066007878051756,0.00106185148494416,0.00107595062318727,0.00202498466844386,0.000943531328548767,0.00195790151307044,0.00124553334663176,0.000512298338926092,0,0.000486978069781955,0.0013362709498295,0.000495196900563137,0.000994284815867663,0.000847675309765302,0.000743345914298622,0.00036752687397479,0.000990180773412057,0.00024455044355459,0.000975794962860061,0.000674480475888205,0.00033100721039344,7.26708252160503e-05,0,6.78222312786221e-06,8.33097472574742e-05,0.000303162472478942,0.00108259370282754,0.00212268722136018,0.00101220780292959,0.00136363665847809,0.000860300594939552,0.00153686198417588,0.00180656222286934,0.00174929568492227,0.00180198147962457,0.00213715730609425,0.000755896950087053,NA,NA,NA,NA,NA,NA,NA
452.824,0,0.000248399048667087,0.00217695008160693,0,0.0039035122271138,0.00357669527839077,0.00149934160490176,0.00421691801493837,0,0.000655920116687185,0,0.00129012641919797,0.000378659142645,0.00183767503562348,0,0.0010124833210712,0.000284619870674769,0.000430340675544855,0.00299612341984399,0,0.000715049242084274,0.00192956893458017,0.00030033640494651,0.00098717659242923,0.00175082137187927,0.00175359740918193,0.000802861636099387,4.53006916869374e-05,0.00147440862111032,0,0.00132118643058068,0.000388223909685539,0.00136557192248444,0.000842764458845787,0.000342031744736417,0.000593568273171492,0.00100285121119481,0,0.00177015999338178,0.00184315406900044,0.00156942348188444,0.00212451879493947,0,0.00142589658684334,0,4.0640226707873e-06,0,2.15239074798816e-05,0.000102058513672655,0.000271712621618006,0,0.00123018411629387,0.00110991528016606,0.00203440922900056,0.000230034875259689,0.000825035351881831,0.0021561908908528,0.00138363385692339,0.000961267714510227,0.000981324716350505,0,0.00096725011847152,NA,NA,NA,NA,NA,NA
455.14,0,0,0,0,0,0,0,0,0,0,0,0,0,0,0,0,0,0,0,0,0,0,0,0,0,0,0,0,0,0,0,0,0,0,0,0,0,0,0,0,0,0,0,0,0,0,0,4.94420919499471e-05,0.000127516535568056,0.000238930359283298,0.000404019216089908,0,0,0,0,0,0,0,0,0,0,0,0,NA,NA,NA,NA,NA
457.457,0,0,0,0,0,0,0,0,0,0.000296361582550863,0,0,0,0,0,0,0,0,0,0,0,0,0,0,0,0,0,0,0,0,0,0,0,0,0,0,0,0,0,0,0,0,0,0,0,0,6.77437571407543e-05,0.000108335614469266,0.00017648693957096,0.000253660350831874,0.000270102363468796,0.000243827007675448,0,0,0,0,0,0,0,0,0,0,0.000301661464034622,0,NA,NA,NA,NA
459.775,0,0,0,0,0,0,0,0,0,0,0.000953569859334267,0,0,0,2.64839796236447e-06,0,0,0,0.000823881548485024,0,0.000363983414675836,0,0.000182060679345859,0,0,0,0,0.000501743948375828,0.000335296441303379,0,0,9.91289433330013e-05,0,0,0,0,1.4612488761822e-05,0.000808350374345989,0,0.000358336696307311,0,0.000553292219565618,0,0,7.47082037254069e-05,0,0.000242934712074699,0.000226576479928857,0.000272393737185597,0.000335462533051268,0.000225807588795834,8.83924566015238e-05,0,0,0.000560763677264544,0,0,0.000465729096118981,0.0006652283781159,0.000634946163562958,0.000732452204145812,0,0,0,NA,NA,NA,NA
462.094,0.00280927808804367,0,0.00158042765523482,0,1.7670135979413e-05,0,0.00266725427598211,0,0,0.00381391134240771,0,0.00137197252692153,0.000292600593491546,0,0,0,0,0.00150984218266154,0.00145886344144995,0,0,0.000713226070700933,0,0.000391616197115133,0,0,0.00081543787433189,0,0,0.00101262329050487,0.000909054756705935,0.000907598333234366,0,0.000539840816995861,3.79339831768065e-05,0.000843670459939745,0.000401502553529495,0.000614292130765778,0.000459615438014626,0.00066285297174866,0,0.000627824183375013,0.000401575489445312,2.87874736977532e-05,0,0.000908624459676288,0,0,0.000402297732077042,0.000449340440317912,0.000246652867609902,5.13497391357612e-05,1.73187123029706e-05,0,0.000810253900685828,0,0.000152673031640335,0.000362183718520638,0,0,0,0.000485301714212795,0.000753324293749399,0.000441981402406683,0.000384132111412443,NA,NA,NA
464.413,0,0,0,0.00601386032783072,0,0.000247784064026672,0,0.00101383036192636,0,0,0,0,0,0,0,0,0.00228442072385337,0.00106410268394999,0,0,0.000501264183318332,9.4320451202241e-05,0,0,0,0.000839742895684623,0,0,0,0,0.000248351358490482,0,0.000335140289105678,0,0,0,0,0,0.000437874147629086,0.000549237099609465,0,0.0014748002970509,0.00039776705566703,0.000374830857305955,0,0,0.00182470326832361,0.000422207707722386,0.000520235806128991,0.000517532720094165,0.000256099747767433,4.67121883137051e-05,2.01555438997554e-05,0,3.198785926986e-05,0.000211780852614714,0.000770482993497016,0,0,0.000655565687128854,0.000190976132045308,0.000513833824911062,0.00087343718630551,1.16941497180093e-05,0.00119544958869906,0.000907415365687867,NA,NA
466.733,0.00855959951233633,0.00893187753004372,0.00334842631213678,5.12751236469946e-06,0.00039343934171297,0.00754773879108757,0.00394780226994033,0.00343520311786852,0.00378300402241232,0.000652341153715075,0.00409782427877333,0.0012755206414335,0,0,0,0,0.00345402246302267,0.000185637618852194,0.000263996473789526,0.00202257944143764,0.000573507177223593,0.000367912358979285,0.00105407201584057,0.000648382879425728,0.00235269613796863,0.00122889272223242,0.00108341058001129,0.00111598944293782,0.000892811758563968,0.0020038812015366,0.000783726985345493,0.000966229890226727,0.00186498007581079,0.000960015773828301,0.00102172369523609,0.00106912911066895,0.00125308047181576,0.00112680237584459,0.00197242197333645,0.000921902159001849,0.00079377608474151,0.000916102703308628,0.00147598820904258,0.00136980189776242,0.000847150192276205,0.00123647575239469,0.000438540688123889,0.000577963604245213,0.00159117549857589,0.000479452460137072,0.000217512475369982,4.09100756844091e-05,2.39075990033408e-05,9.06668322271762e-05,0,0.002212864816301,0.000382442286942282,0.000980400216204988,0.00063467464602666,0.000876952674225188,0.00133165315100206,0.00128539016457533,0.00148640885873881,0.00236160356458163,0.00122989949352699,0.00084836284705322,0.00171680010265748,NA
469.054,0,0,0,0,0,0,0,0,0,0,0,0,0,0,0,0,0,0,0,0,0,0,0,0,0,0,0,0,0,0,0.000156351630572731,0,0,0,0,0,0,0,0,0,0,0,0,0,0,0,0,0,0,0.000301350121625725,0.000129995430320736,4.08553620849654e-05,4.7877286571919e-05,8.05641420677128e-05,0,0,0,0,0,0,0,0,0,0,0,0,0,0.000256779637936253
471.375,0,0,0,0,0,0,0,0,0,0,0,0,0,0,0,0,0,0,0,0,0,0,0,0,0,0,0,0,0,1.6090223760932e-05,0,0,0,0,0,0,0.000270586224318125,2.59817741467246e-05,0,0,0.000637155779350327,0,0,0.000145199450070669,0,0.00075553664759052,0,0,7.74386772556888e-05,0,5.86528670072004e-05,5.73715930549584e-05,9.0937913759189e-05,9.27288232986293e-05,0.000151031034039018,0,0,0,0,0,0,0,0.000114863003235715,0.000270334277757531,0.00112617732566959,0.000366830837979706,0,0.000762088164900167
473.697,0.0031357568596511,0,0.00199986316708881,0,8.46148445083301e-05,0,0,0.00149050770153733,0.00271159448536538,0,0,0,0.000530983811323037,0,0,0,0.000630519707259687,0,0,0,0,0,0,0,0,0,0.000166400983456228,0,0,0.000536718431748331,0.000529218815807059,0.000597130477215414,0.00146879393715594,0.000301738485249087,0,0,1.413368557534e-05,0,0.000738817440390835,0.00015252582607209,0,0.00119719834721648,0,0.000110666273046696,0,0.000365075304340859,0,0,0,0,0.000101438520715811,0.0001045935757107,0.000139653391360213,0.000132406616584071,0.000101095910400335,6.05771167882553e-05,0,0,0.00103438748122675,0.000351628853648106,0,0,0,0,0,0.000714246119007428,0.000925843304405045,0.000659762899166127
476.02,0,0,0,0,0,0,0,0,0,0,0,0,0.00145309383172177,7.94293395453361e-05,0,0,0,3.98049039363593e-05,0,0,0,0,0,0,0,0.000203120896965464,0,0,0,0,0.000309031221106278,0,0,0.000156860426435865,0,0,0,0,6.58077658143214e-05,0,0,8.80692532904214e-05,0,0,0.000342127384093538,0.000158739584570341,0,0,0,0.000233805436598386,0,0.000210398154695668,0.00019758747268008,0.000186594974434605,0.000139263526762123,6.29976939821687e-05,0,0,0.000237157549845908,0.000516354207817586,0,0,0.000189476039397063,0,8.9860398853982e-05,0,0.00041734713576696,0
478.344,0,0,0,0.00448513867768508,0,0.00154121764051973,0,0.000272922915330742,0,0.0014524648162288,0,0,0.00206295223699377,0.000899466797877159,0,0,0.00122860978322321,0,0,0,0,0.000241063768366262,0,0,0.000604917048861831,0.000904246871238686,0,0,0,0,0,0,0,0.000483392013419327,0.00036238549801315,0,0.000237509743291048,0,0.00137925497924799,0,0.000197988827309426,0,0.000854950557955289,0.000759132893944881,0,0,0.000526959504456763,0,0,0.00153569492068221,0.000366564735763701,0.000314613375259525,0.000274090422376274,0.000232816313983711,0.000188521330177404,0.000102297133445312,3.3158272948366e-05,0,0.000866494076656637,0.000657000456660239,0.000573947025531265,7.43597819464333e-05,0,0.000502521910589844,0.000737150168699915,0.000205179993196037,0,0.000984576522898595
480.668,0.00646800539922858,0.00821857445792503,5.06913787063597e-05,0,0.00311371004029881,0.0034752054501906,0.00507393074664332,0.00323597389318002,0.000897986778597584,0,0.000337118381806835,0.00296677706331571,0.00154684193708805,0.00243785943671832,0.00190682296856456,0.00260917205978532,0.00170740414662578,0,0.000669647143708152,0.00145525616939055,0.000173930198419772,0.00142913231509908,0.000507499914976751,0,0.000864357575580378,3.30681321302726e-05,0.00139002991707281,0.000572571826380276,0.000420556616588351,0.000521606501333142,0.00171759266999542,0.00088856990478551,0.00156862098813706,0.00087737279451857,0.000443297307407819,0,0.00189872929601991,0.00126994968321325,0.0015652546411288,0.000703060357047218,0.00110993037581943,0.000510552740273811,0.000149233425445503,0.000896969521357797,0.000459157819586921,0.00100240747965347,0.000177389845755985,0.00075857839182645,0,0.000614849286250098,0.00197814944179534,3.09806325758282e-05,0.000343793667160377,0.000254815885962974,0.000211140120535233,0.000132612906698024,4.01441082588948e-05,0,0,4.21517638908457e-05,0.00148671656194243,0.000466777604340743,0.00128265000893035,0.000525784738768718,0.000562529120584578,0.00109979723204288,0.000740752935082161,0
482.993,0,0,0.0022446755958722,0.000893393897345952,0.00241074097332662,0,0,0,0,0,0,0.000587317606035456,0,0,0,0,0.000459612695585527,8.11970101272458e-05,0.00095244332417998,0.00045971313850119,0,0,0.000499027980685882,0.00114194905594245,0,0,0.000348521383522197,0,0.000981709760945423,0.000861685744231786,8.49897994323055e-05,0.0006825907089249,0.000980898401095398,0,0.000323028492095859,0.00084595971739236,0,0,0.00236984792010943,0.000425046184884922,0.000930360244799049,0.000401857844541914,0.000809651635842489,0.00098622132759467,0.000484981923759769,0,0.00029809264167912,0.000834496467198527,0.000173941412916646,3.66487842907764e-05,0.000849680258632728,0.000211840978602916,0.00048191765765875,0.000243456844024637,0.000194005738821695,0.000143286977747217,6.35420035935876e-05,3.30396400694547e-05,0,0,0.000152877945529119,0,0.000204007606050051,0.00021629148672604,0.000479318754507266,0.000494637941782281,0.000258361714548298,0.000944534727434257
485.318,0,0,0.00184621115865764,0,0,0.00047468288094608,0,0.00100424640827779,0,0,0.000172588831598923,0,0.00203433002501323,0,0,0,0,0,0.000469478656119158,0,0,0.000223390411641131,0,0.00085609639245798,0.00109536354265302,0.00185678701378658,0,0.000191868283821149,0,0.000570105751213335,0,0,0.00057129581336196,0.000471739962176875,0,0,0,0.000402472437818694,0.00150505714452894,0,0.000410995346760607,0.000696240960944547,0.000254796504540395,0.000122298801731632,0.000137950736050206,0.000230559137604664,0.00048739341067799,0,0.000352212683388655,0.00046780810401482,0.000187695622693963,0.00100015302434494,0.000417121851172015,0.000214823244485863,0.000154168521862711,0.000132821434475439,9.01048747571043e-05,4.4454534187843e-05,0,0.000451845638626086,0,0,0.000672032262592472,0.00114384986089826,0,0,0.00010654805732813,0
487.644,NA,0,0,0.00749388621097809,0,0.00208959266577291,0.005120144152668,0.00462678509035343,0.000680944269338945,0,0,0.00178784798248825,0.001424378545024,0.00196548638844775,0.00290561101151473,0.000473084143084734,0.000895946829245315,8.3333075283359e-05,0.00111882988698488,0.000406118667567518,0,0.00118345426597676,0.000371976796244175,0.00127013371465793,0.00129649958365962,0.00249312692222865,0.00200145877498415,9.96926934813558e-05,0.00150282179764215,0.00114805292209989,0.000179348260920463,0.00113685800604296,0,0.000609968492586492,0.000806855019425004,0.000882026669899636,0.00175172641532634,0.000594104057184404,0.000670209641908776,0.002110687747685,0,0.00107248371348911,0.00132397690357044,0.00044745754209263,0.000167240567519063,0.000774521649437701,0,0.00051895440987751,0.000443003577592508,0.000487272549663864,0.00107397642395585,0.000177473127579069,3.36238557162123e-05,0.000162711132392634,0.00012192818931889,0.000108176828670187,0.000100942636856926,7.5358464298896e-05,8.43586589849362e-05,0.00093499001613023,0,0,0.000882901721375899,0.00143415403348362,0.00106412177113202,0.00103316145488203,0,0.000304427932455794
489.971,NA,0.00499896964965965,0,0,0,0,0,0,0,0,0.00150872543221861,0.00124378810917888,0,0.000780786950517638,0.000512787491543548,0,0,0,3.59874031344491e-05,0,0.000443355106897067,0.00156476873980888,0,0,0,0,0,0.00076083518662209,0,0,0,0,0.000688260534141615,0,0.000977118700171894,0.000353581077074948,0,0,0.000492700777612039,0,0.00120108848667471,0.000617433394348315,0,0.000564175161903498,0,9.31473078110079e-06,0.0016599682676604,0.000374036235133011,0,0.00143583902948233,0,0.000704550651247511,0.000567146049694406,0.000279083235105291,0.000130196888693043,0.000105075169669329,0.000111038387185226,0.00010821813403861,9.60785290839609e-05,0,0,0,0.000489657498056283,0,0.0012415496121972,0.000281274484309236,0.000160208713838778,0.000590227671441301
492.299,NA,NA,0,0,0,0,0.00253959624149942,0,0,0,0.0012118889692564,0,0,0.000395383001134902,0,0,0,0,0,0.000158747331496087,0,9.71945290642969e-05,0,0,0,0,0,0,0.000810945369945146,0,0,0,0,0,0,0,0.000759045701297959,0.000142007406416089,0.00033804077379774,0,1.63247107408889e-05,0,0,0.00052941600967544,0,0,0.00014353459680783,0,0.00050293768750432,0,0,0,0,0,3.08516077958623e-05,0.000155487794194608,0.000143473001104816,0.000132061282351845,9.7293206690162e-05,5.33198201413255e-05,0,0,0.000243867856777171,5.81952238368808e-06,0,0,6.82594699359223e-05,0
494.627,NA,NA,0,0,0,0.00160457391069597,0.000478266393465418,0,0,0.00309958747426141,0,0,0.00327037140136519,0.000401729490928784,0.00083883085837817,0.00260987260549458,0.000885596022868167,0.000529417143834222,0,0,0,0.00130656915690804,0,0.00044642716852368,0,0,0.000698637934266859,0,0.000583961717952444,0.000484660661591886,0.00136585766853259,0.000219570206724738,0.00048604214539207,0,0.000536968028189523,0.000708131655594574,0.00033032403193993,0.00136704214354432,0.000348292534246776,0.000709780779507671,0,7.51598384247231e-05,0.000530219466478708,0.00013944247531259,0.0010165693799889,0.000635625679650874,0.000346979018476232,0.000444047029762362,0.000801245593847611,0.00116564520364976,0.000998763415713619,0.000158428103300182,0,0.000765530212756696,0.000492708118395353,0.000361951630721981,0.000196682163695742,0.000163093884802818,9.96367496644581e-05,4.77132440489425e-05,9.60478485438897e-05,0.000639402858056549,0.000529601479164536,0.000528527140799284,0,0.000487877466697984,0.000796894431839219,6.81353449683657e-05
496.956,NA,NA,0,0,0.00176509573959235,0,0,0.00217639121561753,0,0,0.000151934583366979,0,0,0.000689925233908517,0,0,0,0,0,0,0,0,0,0,0,0,0,0,0,0.00113209413046303,0.000252324794915406,0,0.000574435608236845,0,0,0,0,0,0,0.000257340961268166,0,0.00092455697935791,0,0.000712494109338306,0,0,0,0,0,0,0,0,0,0,0,0,0.000252976217901769,0.000210540689522298,0.000116200665539252,6.44817820143503e-05,9.5627008980097e-05,0,0,0,0,0.000297948194543084,0,0.000445057569953809
499.285,NA,NA,NA,0,0,0,0,0,0,0,0,0,0,9.57101863044331e-05,0,0.00138369965733632,0,0,0,0,0,0,0,0.00119791420384972,0,0.000541041171399453,0,0,0.000521680888161686,0.000137847386756716,0,0,0.000300935204298608,0,0,0,0,0,0,1.06029306625912e-05,0,0,0,0,0.00047576745827562,0.000464949269334115,0,0,0,0,0,0,0.000553502075519869,0,0.00059019317745766,0,0.000494164331951312,0.000213964259904201,0.000116329105342188,9.0102816022393e-05,0.000114518076474937,0.000159265746997615,0.000230758313555709,0,0,0,0,0
501.616,NA,NA,NA,0,0,0.00244369429856417,0.000230986148139567,0.0008072558242308,0,0,0.000205999814825267,0,0.000245887003895778,0.000576413420734789,0,0,0.000174960106471208,0,0,0,0.000529572197388291,0.0015264057030218,0.000452184071313165,0.000654802411428758,0.00165654462442499,0.000950609489357228,0.00029809209335974,0.000850248650183248,0,0.000589082582720761,0.000674134786155405,0,0.000731144309204714,0,0,0,0.0010547576355315,0.000385103986121404,0,0.000298577343961043,0.000552514841983626,0.000468987899087594,0.000385437511676017,0.00056921466703783,0.000646961545651424,0.000620701966174881,0.000296377052042828,0.000549221610438711,0.000767406802044254,0.000922791214537603,0,0,0,0.000208618288806012,0.0008564380750149,0.000163891146956584,0.000261892439052933,0.000132960563292215,8.13433421370364e-05,0.000112426143935222,0.000190957012660175,0.000246463613018609,0.000893356054862137,0,0.000640065722222464,0,1.30621758504401e-05,0
503.947,NA,NA,NA,0,0,0,0,0,0,0,0,0,0,0,0,0,0,0,0,0.00010635667672452,0.00214909432416793,0.000176798086887433,0,0,0,0,0,0,0,0.000887608178762096,0.000198780498658906,0,0.000867837520259229,0,0,0,0.000696860492140092,0,0.000649669537320616,0,1.62355690669516e-05,0,0.000441716303503195,0,0.000109264333786525,0.000707380207226506,0,0,0,0.000481668157126699,1.86228552479231e-05,0,0,0,0,0,0,0,8.37313174074931e-05,0.000132719462710003,0.000243602220671401,0.000311574118646756,0.000249485027305429,0,0,7.16997124227354e-06,0,0
506.278,0,NA,NA,NA,0,0,0,0.00411601981018723,0,0.00322407371390258,0,0,0.00100500848700127,0,0.000906052506750534,0,0,0,0,0.00217462356513341,0.000124947332522561,0,0,0.000351040706868311,0,0,0,0.000778196226673014,0.000468251332662294,0,0,0.000219439381096784,0,0.000405412604609201,0.000439905918853534,6.1411814860044e-05,0,0.00113452224372419,0,0.000167542783732227,0.000476952178512591,0.000234906155896184,0,8.89885611103366e-05,0.000764569845091457,0,0,0,0.000459886577230839,0,0.000629083742699471,0,0,0.00227261865711744,0.000405662924174712,0.000777914036584125,0,3.35826648216439e-05,0.000168519719625154,0.000147647339490609,0.00020051806525785,0.000243935708105888,0.000166118815653249,0,0.000697859444253798,0,0,0.000549853235829818
508.61,0,NA,NA,NA,0,0,0,0,0.000818198671473458,0.000448053018020762,0,0.000228719230551807,0,0.00110864363366658,0,0,0,0,0,0.00109403590821285,0,0,0.00120265294539252,0.000149146854122395,0.00017821239701096,0.000739763877645857,0.000784934347036461,0,0.000168111177296225,0.00142948578089823,0,0,0.000517548295012297,0.000308405345790525,0,0,0.000334158367870574,0,0.000358420278053705,0.000638750781912665,0.000109547045713314,0.00120054222950739,0,0,0.000381933504431215,0,0,0,0,0.000681534752864745,0,0.000504196407041624,3.24295798718255e-05,0,0.000230373918145292,0,3.99191247041432e-05,0.000382017176623711,0.000642996391008924,0.000128957523139091,0.0001095371321469,0.000126017326352849,6.34580905799432e-05,4.06677820521939e-05,0,0,0,0
510.943,0,NA,NA,NA,NA,0,0,0.000559187903657122,0,0,0,0,0,0,0,0,0.00118631303962128,0,0,0,0,0,0,0,0,0,0.000229556787590926,0.000601757481915144,0,0.000883600108890624,0,7.36784676416555e-05,0,0,0,0.0011352810714254,0,0.00124782088235417,0,0,0,0,0.000685629203216322,0.000283903348105459,7.08001447728761e-05,0,0,0,0,0.00116353266113727,0.000177987120857539,0.000252248198072066,0.000812890099650368,0,0.000427529953222853,0.000423073202777439,0.00031318449988948,0,0.000130690515073968,0,2.85016642770512e-05,4.3816521382198e-05,1.72322262050958e-05,0,0,0.000278972273182213,0,0
513.276,0,0,NA,NA,NA,0,0,0,0,0,0,0.000106821203513073,0,0,0,0,0,0,0,0,0,0,0,0,0,0.000234065887644833,0,0,0,0,0.000504110538213321,0,0,0,0,0.000132729132065112,0,0,0,0,0,0,0,0,0,0,0.000518316425976857,0.000729059698689115,0.000397628145034312,0,0,0,0,0,0,0,0,0,0,0,0,0,0,0,0,0,0,0
515.611,0,0,NA,NA,NA,0,0,0,0,0,0.000682419803344765,0,0,0,0,0,0,0.000108770488171619,0,0,7.07254304266219e-05,0.000344322125817351,0,0,0,0,0,0,0,0,0,0,0.000549139801028174,0,0.00077830410654944,0,0,0,3.70362484946221e-05,0.000354266204246226,0,0.000144568719417015,0.00121988447401172,0,0.000384416735570345,0,0,0,0,9.67211545299455e-05,0.00188206102932457,0,0,0.00041586014181659,0.000590138833371096,0.000210454972872352,0,0.00066253944984329,0.000858344731414103,0,0,0,0,0,2.53655985052573e-05,8.70329249982631e-05,0.000337072157711694,0.000500806414920253
517.945,0.00656051880855455,0.0054483117234937,NA,NA,NA,NA,0.000599471453842487,0.000303563669665399,7.69777760893889e-05,0,0.000705514677383415,0,0,0.00165727526308659,0,0.000470853283844916,0,0.00144743638920475,0.000573186748896203,0.00217761503286343,0,0,0.000517116747610494,0.000957170372121055,6.27514792628192e-05,0,0.00161762259130658,0.00076284064943192,0.00178413077316692,0.000381155198034014,0.000350544283723016,0,0.00143395780452464,0,0.00119274508797101,4.99305767896188e-07,0.000422960083371277,0.000339596546853279,0,0.000522012924808314,7.6798225348972e-05,0.00189985274631526,0.000661572964550631,0.0020055154187746,0.000613488920049135,0.00140927901232764,0,0.000784056565457059,8.12653352062417e-05,0,0.000566121805706281,8.49287355873657e-05,0.000188739507388309,0.000434120549149773,0.000360587865234428,0.000309128361167576,0.000438796166690366,0.000537067186066683,0.000882383745272069,0,0,0,0,1.59339184271483e-05,8.92815475297056e-05,0.000146801450756214,0.000273603063810257,2.43554271255312e-05
520.281,0.00174453837035894,0,0,NA,NA,NA,0,0,0,0.00223365194199925,0,0,0,0.000863404621975602,0,0,0,0.00141783517813095,0,0,0.000169791329527313,0,0.00093460670585667,0.000372024141829234,1.33740003716788e-05,0.00025917839778745,0,0,0.00126737863998253,0.00089117698851617,0.000536013631645495,0.00061406148514636,0,0.00108202864109412,0.00206430581664743,0.000332986728259705,0.00142073592603569,0.000109581060087149,0.000140082605584483,0,8.14554526831411e-05,0,0,0,0.000216864147014272,0,0.000298742831637823,0,0.00086872674590649,0.000438083634082794,0.000686277632645439,0,0,0.000733521624227027,0.000466943518646408,0.000186493928770056,0.000477899394140787,0.000910069327976031,0.00100005488290657,1.06236728601499e-06,0,0,3.92644033073128e-07,7.70961207087749e-05,0.000151700112121661,0.00016907621375885,8.88774574039886e-05,6.16104362000753e-06
522.617,0.000782911399300122,0,0,NA,NA,NA,NA,0,0.00275758699177568,0.00171593712191506,0,0,0,0,0.00163322181297875,0,0,0,0,0.000482738118339445,0.000810842133718598,0.00076008592105212,0,0.000117920087752654,0.000219662296800968,0.000134663281677668,6.24842300191793e-05,2.40319186995513e-05,0.000716178657185119,0.000353887999368401,5.76805484509316e-05,0.000512987130361653,0,0,0,0,0,0.000281445213731903,0.000462654608546885,0,0.000270582750176459,0,0.00157118980960138,8.75345789814497e-05,0,0,0,0.000117360466618731,0,0.00127770596924178,0,0.000469436179501333,0.00067439574522222,5.04859053094553e-05,0.000696922852468531,0,0.000979944900578852,0,0.000610385334583828,0.000263714971960071,0,0,7.12133245581725e-05,0.000181152105725162,0.000253622798129733,0.000204123674010438,6.94805565888734e-05,0
524.953,0,0,0,0,NA,NA,NA,0,0,0,0.00157821299370182,0,0,0,0,0,0,0,0,0,0.000311218925479765,0,0,0.000255889828541159,0,0,0.000529396386890121,0,0.000131607656826199,0,0,0,0.000598101099470207,0,0.000781431417077225,0.000141639620436416,0.000890806183523282,9.48395861684798e-05,0,0.000489989437113999,0.000120826947550926,0,0,0.000250232405902023,0.000910163777696258,1.47614106227827e-05,0,0,0.000641066837971558,0.000279023312592701,0,0,0.00015887095392252,0,0,0.000729528264458128,0.000229461655538729,0.000280387305555925,0.00028952597667818,8.3622547431137e-05,9.60412359982825e-05,0.000547290904596676,0.000288968384427198,0.0002997182565952,0.000388474556517948,0.000278616138721304,0.00011850756734532,2.01280131360684e-06
527.29,0,0,0,0,NA,NA,NA,0,0.00172153378568092,0.000119193419709465,0.00112762635235393,0.000895784597838838,0,0,0.0018775646603295,0,0.00188106237249131,0.000240521250002674,0,2.43565331457145e-05,0,0.000531147414286864,0.000560607882336312,0,0,0,0.000244039023997134,0,0,0,0.000398961829764514,0.00085067861718612,0.000800098419064846,0.000711392408431667,0,0.000337063407493406,0,6.8726600284706e-05,0.000113219866546495,0.000787755356647399,0.00143586704758107,0.000146199223088007,0.000277077258501058,0,0.00052658073413884,0.000648073614661178,0,0.000702711922814294,0,0.00112304791666621,0.000826895988312246,0.000652900392303759,0.000549187597592038,0,0.000630122487312116,0.000703565308055804,0.000372234655668011,0,0.000200173325724657,0.000714157144203041,0,0,0,0.000884785602702891,0.000460581220440952,0.000365814688190915,0.00021735912645355,7.30837491081458e-05
529.628,0,0,0,0,NA,NA,NA,NA,0,0,0,0,0,0.000376014068354688,0,0,0.000407765138453076,0,0.000936685751775731,0,0,0.00032175648924393,0,0,0.00168733295767003,0,0.000218451817156505,0,0,0,0,0,0.000191645249092076,0,7.94329671177634e-05,0,0,0,0,0,0,0,0,0,0,0.000282626657065186,0,0,0,0,0.000280224557767767,0.000474199649542027,0,0.000396396978341678,0,0,0,0,3.57805302774114e-05,0.000580466015125019,0,0,0,0,0.00046793396696337,0.000483580746514454,0.000369002747052908,0.000178302385378531
531.967,0,0,0,0,0,NA,NA,NA,0,0,0,0,0,0,5.29036327035544e-05,0,0,0,0,0,0,0.000828640099505423,0,0.000252051801489243,0,0.000251331764584113,2.44227291007486e-05,0,0,0,0,0,0,0.000312146181240901,0.000713901648820321,0,0.00094304554452544,0,0.000684826969668113,0.00099789823675433,0,0.00102629648818559,0.000194221641904459,0.000369077915709104,0,0,0.000528701020180601,0.0010351521480448,0.00108303229203567,0,0,0.000495874273726372,0,0.000562502336029466,0,0.000736949819312591,0,0,0,0.00040087517731304,0,0,0,0,0.000776183478690958,0.000715331920175991,0.000612174495339624,0.000324958440036646
534.306,0.00425386137259835,0.00109234034672708,0,0,0.00176528408539481,NA,NA,NA,NA,0,0.000957260184324852,0.00377740588238024,0.00226652168391216,0.00247792132344195,0,0.000223674743932399,0.000315695328651573,0.00145338236681712,0.000951280592424999,0.000285183895181954,0.00063443423019646,0.00280104741389491,0.000328027168138756,0.000236709728434692,0.00165699729274941,0.00108720036251279,0.000455600307367527,0.000503566946919108,0.000626447870702319,0.00104396996152269,0.000181260795399461,0.000450933312593978,0.00083283256609884,0.000121273741016313,0,0.000844239703869762,0,0,0.000656618188574986,0.00141216385209083,0.00102620171893395,0.00132792997546353,0.000796028472265576,0.000566862327199255,0.00103138719974599,0.000704245120669932,0.000752708225351404,0,0.00122035455402228,0.000979579458885173,0.000279037160149905,0.000423139407531173,0.000677315462628208,0.000719653647834901,0.00128269158599931,0,0,0.000451896151715609,0.000417792043794295,0.00124582108642157,0.000547408452935516,0.000898593686797577,0.00126169939731974,0.000609628706925906,0.000270980600171922,0.000971029744497271,0.000843767001580079,0.000452132539013759
536.646,0.00427380423266746,0.00375981800558617,0.00211255215733192,0,0.000453499808096779,0.00161761119960213,NA,NA,NA,0,0.00330962173819065,0,0.00256418435412193,0.00230866449852325,0.00109328011770997,0.00253434340396082,0.000518293260287535,0.000847585519982522,0.000785393232346519,0.00110802410591925,0.000809892953140078,0.00114555145411329,0.00226587384036492,0.00114021301999097,0.00191705169725568,0.00200219914284799,0.000637497906516519,0.00153867487743273,0.00158223702803231,0.000996933358923202,0.00235694550158029,0.00107419756277326,0.00053867230174228,0.000945149446754912,0.00128361007829899,0.000603704159732217,0.00171354526358819,0.0006934733836287,0.00240638330378253,0.00101027894665117,0.000623414932685558,0.00213380512124122,0.000126496972620604,0.00147234729657057,0.000896643416889764,0,0.00136235258795329,0.00166140010729466,0,0.00117974882153259,0.000732834397749153,0.00108830384877105,0.00133829610611852,0.00144915753944682,0.000473127626857878,0.00140858908356574,0.000722986113055246,0.000239439369592291,0.000892235778019538,0.000809596479989393,0.00176634088369153,0.000909739640861785,0.000971817755574448,0.00157766673183888,1.77868027445649e-05,0.00166253538178549,0.000797856233078275,0.000421911137431256
538.986,0.00113123951732185,0.000587902541496876,0,0,0.00150618257017693,0,NA,NA,NA,0,0.000916881588419625,0,0,0.0025717758246806,0.000112105829441389,0,0.00130295806204979,0.00105807884217935,0.00143677804739943,0,0.000242347457862067,0.000150723638317491,0.0011253663008564,0.000167685517118935,0.00040283530301642,0.000483336998559973,0.00192940117593474,0,0.000988181870985301,0.00131005598205774,0.000605840407684786,0.000377888247972754,0.00151091755929732,0.00110660454104152,0.000374859423125662,0.00133089138058398,0,0.000751582086716584,0.000800389131251097,0.000838596835904756,0.00134346221626966,0,0.000257626920570924,0.000893329738526939,0.000855555811027152,0.000476196464672005,0,0.00189960460401578,0.00135032985943785,0.00133747361591718,0.000317085213494665,0,0.000776393290706153,0.000820436581973,0.00147401389857054,0,0.000910476234111404,0.00106637449812972,0.000916003415907153,0,0.00197720180028042,0.00112739935402621,0.000410098781014999,0.000783064250445899,0.000905930001403089,0.000940029689803785,0.000509307857022218,0.000275896177975775
541.327,0,0,0,0,0,0,NA,NA,NA,NA,0,0,0,0.00241501911428827,0,0,0,0,0,0,0,0,0,0,0,0,0,0,0.000102959953929062,0,6.37287961342745e-05,0,0,0,0,0,0,0,0,0,0.000560147683823872,0.000138259599724368,0.000361214351090579,0.000103781647038782,0,0,0,0,0,0,0,0,0,0,0,0,0,2.262693481835e-05,0,0,0,0,0,0,0,0,0,0.000233512244529738
543.668,0,0,0,0.00087234877443749,0,0,0,NA,NA,NA,0,0,0,0,0,0.00041471255807621,0,0,0,0,0,0,0,0,0,0,0,0,0.00014129544386657,0,0,0,0,0,0.000228525967204772,0,0,0,0,2.07993659948746e-05,0,0,0,0,0,0,0,0,0,0,0.000799980076275921,0.000666827902995971,0,0,0.000375183766594207,0,0,0,0,0,0.000395734570162034,0.000212924777605243,0,0,0.000376303284080687,0,0.000205234250504064,0.000289641005325064
546.01,0,0.000946137085073213,0.000421010232037533,0,0,0,0.00380489834928998,NA,NA,NA,NA,0,0,0,0.000648389456754525,0,0,0,0,0.00143492518554944,0,0,8.101669398556e-05,7.98519000262616e-05,0.000471236689382911,0.000410193746119964,0,0.000626589090400457,0.000763681941230035,0.000320260833260681,0.000402021604061707,0.000316216899116287,0.0011009348601549,0.000615404913881958,0,0,0.000252971327953361,0,0.000989480188071145,0,0.000858409338099645,0.000262371522578126,0.000416306484641776,0.00111394059723204,0,0.00100379655571531,0.000240011762603517,0.00053788851771392,0.00117869343010648,0,4.62158889940944e-05,0.000249623546015298,0.00156834983865512,0,0.000393676335361037,0.000407909791676532,0.00114270202888963,0,0.000380847908635864,0.0012365387519002,0.000322594460438257,0.00135282715501889,0.000436973333932436,0.000152909948046321,0.000723319360805073,0.000371141093959526,0.000752659081035557,0.000715162037641641
548.353,0,0,0,0,0,0,0,0,NA,NA,NA,0,0,0,0,0,0,0,0,0,0.000222863744544767,0.000609746262971992,0,0,0,0,0,0,0,0.000411341362853279,0,0,0,0,0,0,0,0,0,0,0.000353715719692437,0,0,0,0,6.32950585191297e-05,0,0.00108037076932018,0,0,0,0,0,0,0.000140271095009722,0,0,0,0,0,0,0,0,0,0,0,0,0
550.697,0,0,0,0,0,0,0,0,NA,NA,NA,0,0,0,0,0,0,0.00106161036485014,4.06679662154185e-05,0,0.00152465177969395,0.000103170859807179,0.000528765975205358,0.000135344662510735,0,0.00108916500971378,0.000898060913421417,0.00046096615369899,0,0.000804638244379791,0.000255368375741381,0,0.000126079400691195,0.000254213299151255,0.000103440904591951,0,0,0.000729564157569429,0.000143236492617497,0.00077932857432993,0.000137699826858511,0.000132658098909301,0,0.00154662998075577,0.000620959671385189,0.00116164738441579,0.000465634943926375,0,0.000917974121481759,0.000120421916805728,0.000326273258218021,0,0,0.00272189614697938,9.50581472350702e-05,0,0,0.00013799107940996,0,0,0,0,7.66734133873995e-05,0,0,0.000487772039951556,4.12265979003805e-06,0
553.04,0.00815758834201762,0,0,0.000758511758741566,0.00202053174481234,0,0,0.00633702153463311,NA,NA,NA,NA,0,0.00370341094215806,0.0024017084493432,0,0.00188424227111199,0,0,0.00103367459657216,0,0.000177034353916364,0,2.17425614220432e-05,0.000457448769175155,0.000986676193442762,0.00128542651701061,5.12194100635169e-05,0.00013885214293949,0.000643329993800423,0.000984855737093489,0.00212133081976443,0.000460607948456704,0,0.000246595630614332,0.00104656141042602,0,0.000851334955131271,0,0,0.00210173511550662,0.000790849449437785,0.000810844720099999,0,0.000308083726750081,0.00117321785787935,0.00126854435402182,0,0.000698316135764669,0.000659126232578012,0.0014634612156411,0.00286535124101013,0.00121742339673491,0.000566665932476786,0.00110265035857618,0.000912287203532347,0.000430732910706772,0.000789201126204252,0,3.13614995712173e-05,0.00137770622481692,0.00162527353818931,0.00114353891538734,0.000828596652180153,0.000393114501970623,0.000453437902956195,0.000416766708167499,0.00126359262717303
555.385,0.00129267534541623,0,0,0,0,0.00106807250288835,0,0,0,NA,NA,NA,0,0,0,0,9.09458024423824e-05,0,0,0,0,0,0,0,0,0.000475218281463322,0.00144438130505647,0,0.000972105422162626,0.00088305016473016,0,0,0,0,0,0,0.000202564316852532,0.000329931655260363,0.000531914643988511,0.000376187005772583,0.000560693019360301,0,0.000654201436876927,0,0,0,0,0,0.000735061858638528,0.000499920970121778,0.00119012427829855,0.00125711649186723,0.00110087083495783,0,0,0,0.000513683222351362,0,0.00111613772846433,0.000123970952120426,0.00109605839697856,0.000174188128006924,0.000269333498499316,0,3.3922114156543e-05,0.000779456096309276,0.000469991377628907,0
557.73,0.000352107013860513,0,0,0,0.000336459428085728,0.000175824970956229,0,0.00094149418289207,0.00396796392086008,NA,NA,NA,0,0,0.000656519593188365,0.000225011265447723,0.0026514130476148,0,0.00051168204220863,0.000617473166126898,0.000107689000451465,0.000401439995094969,0.000181217419713817,0,0.000951309077199779,0,0,0.00152673585791331,0.000733980193012115,0.000429169906972834,2.94310111998385e-05,0.00176300711989309,0.000469368945684689,0.00105622280936923,0.000337201408436411,0.000931060596415035,0.00120006598402634,0.000430380198208749,0.00180492818893957,0.0005127067727407,0.000252012427498622,0,0.000768916875438623,0.000835854393506914,0.00113585077429563,0.000424688199375509,0.00169834033024687,0.0010798893615452,0.00112903814910514,2.44318424424262e-05,0,0.0011592589032446,0.00157576284826537,0.000963816127351745,0.00181255658954723,0,0.00020162288283408,0.000120726410278329,0.00109902193275067,0.00139346710010082,0.00129361896381304,0,0.000573678216123724,0.000636512237305238,0.000601758056894212,2.80334218369262e-05,0.00128004915719588,0.000175379407542073
560.076,0,0.00103309502974804,0,0,0.00111752904131639,0.00148030542417297,0,0,0,0,NA,NA,NA,0,0,0,0,0,0,0,0,0,0,0,0,0,0,0,0,0,0,0,0,0,0,0,0,0,0,0,0,0,0.000303862789543724,0,0,0,0,0,0,0.000983858908405848,0,0,0,0,0,0,0,0,0,0,0.00025910578521422,0,0,0.000747835896000298,0,0,0.000176324374455107,0
562.422,0.0013809088011307,0,0,0,0,0,0,0,0.0014915016136293,0,NA,NA,NA,0,0,0,0.000793423600788585,0.000449800891847549,0,0.000939951952616178,0.000150784659603953,0,0.000558874156582365,0.000999071087158464,0.00102663189897313,0.000751273324778535,0.00077742439612548,0.000341982009150634,0,0,0.00135013851277726,0.000215566508724611,0,0,0.000423428228468336,0,0.000248916971926996,0,0.000406974065688669,0,0.000155722377192021,0,0,0,0.00114532728935008,0.000780832627620246,0,0.0010083202444781,0.000746329762217829,0.000175518142102751,0.00085463518191641,0.000470020099231617,0.000695558756394221,0.000854155897245078,0,0.000487061743153193,0.000830644562351573,0,0,0,0.00142481747912859,0,0.000582954075559881,0.000416286578201072,1.28137864900009e-05,0.000858361785235217,0.000749601637771574,0.000197638876034135
564.769,0,0,0,0,0,0,0.000768217300824686,0,0,0.00198961418126505,NA,NA,NA,NA,0,0.00154295575992873,0.000410758305521583,0.000540578874353698,0,0.00119903448258833,0.000966368236874072,0,0,0,0.000807132991262892,0,0,0.00121426675166421,0.000400296026185082,0.00100412977513116,0,0.000260969800831407,0.000862266281265624,0.00047429916554646,0.000290495171611097,0.00110216822140141,0.00076647886768138,5.97534889149382e-06,0.00091638733899059,0.000414462297301191,0.000901224377433385,0,0.0012969803700692,0.000807932008209764,0,0.000444604593275332,0.00089811185060899,0.00082827928704579,0.00102476259659389,0.00072388672821757,9.98271686354326e-05,0,0.00123457061628093,0.00163052611645358,0.000235510798098703,0.000520959895742168,0.000463405641346415,0,0.00100745026179261,0.000466161907160554,0,0.000197394438237314,0,0.000251374217764727,0.00122080610028266,0.000728723180553307,0.000639661461922655,0
567.116,0,0,0,0,0,0,0,0,0,0,0,NA,NA,NA,0,0,0,0,0,0,0,0,0,0,0,0.000229446100033932,0,0,0,0,0,0,0,0,0,0,0,0,0,0,0,0,0,0,0,0,0,0,0,0,0,0,0,0,0,0,0,0,0,0,0,0,0,0,0,0,0,0
569.464,0.00257805774341714,0.00226889192475767,0.00146370238309775,0,0.00335866200519948,0.00333894888307892,0,0,0,0.000768896621734731,0,NA,NA,NA,0,9.01348307951201e-05,7.18443631136308e-05,0,0.000579406316606908,0.001048197669143,0,0.000608645274344219,0.00192668670365911,0,0,0.000520383672709329,0.00110086032679391,0.00168733596215089,0,0,0,0.000189436430587986,0.000456616756754228,0,0,0.000155847293303577,0,0.00156445203784431,0.00034581119698019,0.00128870098526869,8.31844410189758e-05,0,0.000440737485491532,0.0010240173385934,0.000617446374976253,7.37341103435393e-05,0.000284254361724475,0.000789334001233677,0.000467404668929117,0,0,0.000315371124946965,0.000579808720489286,0.000110091785076838,0.000467271582337633,0.00162999861721164,0.00039520860054068,0.000449304225546952,0.000700424735606589,0.000142665582957315,0,0.000832087696400202,0.000326377175054436,0,0.00118378786406527,0.0010660759159923,0.000315319528288123,0.000229618792680755
571.812,0,0,0,0,0,0,0,0,0,0,0.00250033371688133,NA,NA,NA,NA,0,0,0,0,0.000248995822999569,0.00145416197111303,0,0,1.89858924913722e-05,0,0.000830809906076235,0,0,0,0,0,0,0,0,0,0,0,0,0,0,0,0,9.9791929811692e-05,0.000122796413118776,0.00114155190534298,0,0,0,0,0,0,0.000565118348205322,0,0,0,0.000247660813683753,0,0.000532398173562906,0,0,0,0,0.000614448095040299,0,0,0,0,0
574.161,0.00590208257616983,0,0,0,0.00541061772621191,0.00234102098963788,0.00303454395956029,0,0.000434798489493064,0.00427451129888902,0,0.00284887339638615,NA,NA,NA,0,0,0,0,0,0,0.00101161979444771,0,0.000173496634461435,0.000270259854627487,0,0.000955917623551207,0,0,0.000717445753266601,0.000494502333165096,0.000979856493998416,0.000417826902327959,9.67790138832577e-05,0,0,0,0.000731312209756813,0.00056631975447894,0,0.000479983749609675,4.84427944883646e-05,0,0.000370331292184157,0.000521808949036762,0.000257435850381639,0,0.000974766931674739,0.000702570773766317,0.00161420778034946,0,0.00151823298165212,0,0.00185864479475208,0.000799190414903199,0.000942443855559831,0.000294136477668278,0,9.0384030087858e-06,0.000411403933165158,0.000392271630388321,0,0.0003193148751779,0.00071681113213605,0.000497008223405244,0.000122866077711115,9.27725415384985e-06,0
576.511,0,0,0,0,0,0.00304629781481633,0,0,0,0,0.00029011732270267,0.00369358911814591,NA,NA,NA,NA,0,0,0,0,0,0,0,0,0,0,0,0,0.000768845683121318,0.00162967562558801,0.000607309461592702,0,0,0.00197149086201147,0,0.000102075390398882,0,2.04423421913311e-05,0.00100440233371147,0,0.00134975820433056,0,0,0,0,0,0,0.00138522390380153,0,0.00130017506313917,0.000412709467031411,0.000459161029527003,0,0.00152658229444028,0.000361358404653807,0,0.000186010952452203,0,0.000721512971359878,0,0,0,0,0.000604069001017044,0.000472213036456218,0.000322450764639508,0,0.000416041336004363
578.861,0.00181012699646655,0,0.0105741204023636,0,0,0,0.0021107176341389,0.00187115050872775,0.00230437837682998,0.00178594145421837,0.00215640008634728,0,0.00010328645511299,NA,NA,NA,0,0.000763473301638283,0,0.0021302171900296,0.000242573395060577,0.00192030476109099,0.00118689970636937,0.00107900691381675,0.00193112995635894,0.000354413022544362,0.000629606623436153,0.000576620283868928,0.000985146641408646,0.00147341306969777,0.000916945159854131,0.000593860888869495,0.000940653355653594,0.000708651303162448,0.00163944323066321,0.00136902098300498,0.00119783166747335,0.000443961572391199,0,0.00157700450049525,0.00193219160828094,0.00176893748337563,0.00108251571605867,0.00177891804892809,0.000532148898560667,0.00192228858618598,0.000760727337829151,0.00151039517368611,0.000361179518957916,0.000301596026368498,0.000857637940739738,0.00276946019330973,0.00090018431171154,0.00141296068954042,0.00141467381459481,0.00142044868162696,0.000368190088886523,0.0017416151110037,0.000765170370399269,0.00323188150400754,0.000903632639177047,0.000739058846325204,1.11696093877077e-05,0.000593778000378448,0.000698250744944079,0.000569236686839824,0.00188996546896001,0.00118876649523561
581.212,0,0.000254545481848906,0.00532874583172534,0.00205912100711225,0.000967231239009383,0.00243837881808922,0,0,0.00100039106844292,0.00113723282386872,0,0.00110485864688156,0,NA,NA,NA,0,0,0,0,0.00058343444410551,0.000122051363098121,0,2.55447579877423e-05,9.41389878475897e-05,0.000755624569197175,0,0,0.00087391802258237,0.000624399074204948,0.00035042802759335,0.000189875843982814,0,0.000948156643864093,0.000957989444223757,0.000766117646539791,0.000675513215437774,0.000800327359716393,0.00112130325302023,0.00100086551090557,0.000593418137514144,0.000563035706431892,0.000622043792874859,0,0,6.84408411561529e-05,0.00132387668855885,0,0.00160249160601444,0,0.000276024313238569,0.00105408587378611,0.000272257676161106,0.00115423347297801,0.000506269145214023,0.000854395360080322,0,0.000506949485268714,0,0.000441360911298043,0,0.00144419165410193,0,0.000568358779267665,0.000574957140043279,0.000548253983975743,0.00135147884000056,0
583.563,0.00247066827497336,0,0,0,0,0,0,0,0,0,0,0,0,NA,NA,NA,NA,0,0.000374261146410545,0,0,0,0,0,0,0,0,0,0.000551330572620447,0,0,0,4.03662690153921e-05,0,0,0,0.000491183945881559,0,0,0,0.000130008647726184,0,0.00118997883708757,0,5.26294360185279e-05,0,3.14437693826592e-05,0,0.000692441872448149,0,0,0,0,0,0,0,0,0,0.000624261291023217,0,0,0,0.000894264401417889,0,0.00100178631387394,0.000140564822203837,0.000101172958725289,0
585.915,0.00738207109858858,0.00502372479447087,0,0.00703984850038521,0.011706177932883,0.00748299200577362,0,0.00429809874589076,0,0.00443029721818619,0.00424586434652085,0,0.00211107953113844,0,NA,NA,NA,0,0.00105204413190102,0.000849446949173484,0.000427273144437708,0.000917447634479744,0,0.00222907144476668,0.000177893526861496,0.000925358380618638,0.00216414483723898,0.00129366747073795,0.0016850503856929,0.00144624375769148,0.00142412105336884,0,0.000971182939043562,0.00190021008532679,0.00132124215762124,0.0012418725491916,0.00115793098008998,0.00103905003717217,0.00216498778863397,0.000844430156214834,0.00131970638479428,0.00118489508756699,0.00159094264910117,0.00123991725446281,0.000542766685060885,0.000140995568601749,0.00096939835752529,0.00109418173674917,0.000423649908429323,0.00199374647903519,0.00152048310071008,0.00145884789976506,0.00142820752617458,0,0.000971406049916079,0.000993482248282473,0.000723845507533381,0.00100065652999342,0.00115812500476026,0,0.00102721678730659,0.00114534716081472,0.00222318651759515,0.000573292789127636,0.00143098672829028,0.00228648472975418,0.00154198277563569,0.00124581553361884
588.267,0.000107025664845537,0,0,0,0,0,0,0,0.00126216171572684,0.000526353856233838,0,0,0,0,NA,NA,NA,NA,0,0,0,0,0,0,0,0,0,0,0,0,0,0,0.00031856399476484,0,0,0,0,0,0,0.000263964483602528,0,0,0,0,0,0,0,0,0,0,0,0,0,0,2.02369758549862e-06,0,0,0,0.00098687638421539,0.000189419171677372,0,0,0.000260731360160798,0,7.52403504718675e-05,0,0,0.00076637413781104
590.62,0.00521455023966626,0,0.00344143407706781,0,0.00344978815994727,0,0.00154928241807326,0,0,0,0.000161640566437997,0.000185265215065982,0.000987199626474733,0,0,NA,NA,NA,0,0.000725367851596368,0,5.94756820134903e-05,0,0,0.000792879017489739,0,0.00048103834332144,0.000347468296629857,0.00102936515193786,0.00139736609002446,0.000581486887351184,0.00151352901839426,0,0,0.000571651305109347,0.00103898599032394,0,0.000216237918433601,0,0.000143967718726516,0.000328098012070499,0,0.000505512633613488,0.000455912068236454,0,0,0.000193992277289698,0.000296397580107122,0.000381193570691822,0.000206684957818311,0,4.86585356961904e-05,0,0,0.000123475982360381,0,0,0,0.000199547553171187,0.000694122043091231,0,0.00013865598525564,0.000691742102979216,0,0,0,0,0
592.974,0.0046648462868693,0,0,0.00703481130164548,0.00486704165849712,0.000288404335772468,0.00118316139580896,0,0.00224550429933317,0.00148302982756391,0.00221383970360241,0.00180066962381525,0,0.0012688205030509,0.00141870888139521,NA,NA,NA,0,0,0.00146072769845676,0,0.000650600527743198,0,0.00141670494269531,0,0.000262333207334378,0,0.00108860474175822,0.00150661717809103,0.000901368934134853,0,0,0,0.000460192283514913,0.000667020941551866,0.00251767524201453,0.000469170347201717,0.000863384114887624,0.000854395590360275,0.000277118745310058,0.00115129081850583,0.000216506078894798,0,0.000243061604018697,0.000249954976945007,0.000720131653138298,0.000280611561569064,0.000585092304425186,0,0.000701686901329596,0.000937650287620633,0.000845050119585985,0.000677390374850309,0.000507259096455116,0.000595155936681908,0.00104416636557458,9.80066791823611e-05,0.000372138241892586,0.000538152147922214,0,0.000329782492726539,0.0013269500129996,0,0.000274939841112947,0.00132063447300482,3.14730083332806e-05,0
595.327,0,0,0,0,0,0,0.00268232994455098,0.00025865365121736,0.000647857581348295,0,0.0017933990838034,0,0,0,0,NA,NA,NA,NA,0,1.8456210907739e-05,0,0.000722815478742816,0,7.80158005536096e-05,0.000104516138375056,0,0.000511580577033357,0,0,0.00064986704230127,0.000123321929335554,0.00079625741761857,0.000161061087084002,6.56772329392271e-05,0.000730309438923021,0,0,0,0.000924688199764507,0,5.44656473434099e-05,6.8278985587407e-05,0.000811081150963397,0.000537737979828615,0,0,0,0.000954237568054276,0.00120340332957345,0.000164912166425508,0.000549745028440092,0.000418602376197268,5.66333097442449e-05,0.00104320443085963,0.000558415754958366,0,0,8.57133723910442e-06,0.000160399030845831,3.15876910771263e-05,0,0,0.000260045148398979,0,0,0,0.000373306857387483
597.682,0.0016280420800422,0.0156088650489964,0.0100807863795266,0.00306311914646816,0.000119495379517606,0,0.00297165016300101,0.00364126719046068,0.0013028610149461,0.00201894338586605,0.000500195204655886,0.0025042906607948,0.00183003809211276,0.00107650515114323,0.00185519804622626,0.00121806777650343,NA,NA,NA,0,0.00125246976876051,0.00196013431040524,0.000888998983861305,0.00205323920359894,0.00150114835041163,0.00258738214465594,0.00175502133415941,0.00131012091037454,0.000889622648594395,0.001599755477158,0.00110234843971704,0.00147399508601707,0.000514881914969303,0.00107132950020897,0.00228240925215517,0.00145711285223988,0.000716083022043405,0.000936547564031586,0.00104728728053798,0.00200272247886849,0.00198189344218447,0.00118176487369597,0.00238843936064153,0.00146916388079722,0.000654671305414345,0.00137242792946379,0.00208854683049349,0.00211700207758245,0.000301369084179721,0.00142449069934494,0.00189698116869972,0.000854702356575192,0.00128908518370872,0.00163004627121996,0.00109866717206023,0.00152296409858404,0.000715827784882272,0.00081026118712403,0.000991624703033723,0.000274466464242072,0.00102393814278809,0.000522309091657313,0.00192088224010888,0.00102173095020708,0.000537263061900049,0.00129947104504125,0.00219184045807079,0.00132689221474361
